{
    "learning_rate": 0.05088354448815776,
    "depth": 9,
    "l2_leaf_reg": 6.557098897833261,
    "bagging_temperature": 0.2664570687585947,
    "leaf_estimation_iterations": 4,
    "iterations": 3000,
    "early_stopping_rounds": 50,
    "od_pval": 0.001,
    "task_type": "CPU",
    "thread_count": 4,
    "cat_features": [
        6,
        7,
        8,
        9,
        10,
        11,
        12,
        13
    ]
}
