GLCM_pan,Mean_Green,Mean_Red,Mean_NIR,SD_pan,class
126.9560976,240.2621359,113.4951456,644.3203884,21.35617366,n
117.0292683,194.4615385,82.76923077,441.2307692,46.74948976,n
125.6765677,183.5789474,79.73684211,334.9473684,23.42572396,n
132.7773393,296.5381166,189.8609865,409.8071749,36.12955255,n
127.7657658,187.0,82.35714286,310.1428571,15.44394076,n
137.1984127,215.625,99.125,464.625,24.02049906,n
137.5132179,193.2608696,84.68115942,376.7101449,16.83641346,n
138.1827731,243.1,107.3666667,799.8333333,24.73694942,n
124.9815498,244.1764706,117.2058824,802.8235294,24.21245712,n
131.534375,200.5,92.65,407.95,26.75158874,n
140.9761905,222.0,90.0,509.0,31.61091584,n
140.4880597,242.6190476,109.9761905,619.6071429,39.1477013,n
126.8875,204.6,92.0,572.0,28.24464551,n
109.3309859,332.4444444,221.0,374.0,44.98147767,n
116.8237347,232.4583333,109.5277778,648.0416667,18.59459777,n
130.5982143,217.0285714,91.31428571,560.6571429,24.12416859,n
118.1041667,227.3333333,106.6666667,673.0,27.92251183,n
95.4296875,215.5,95.875,516.75,29.04925774,n
134.1577947,222.1515152,98.45454545,714.6363636,21.50396636,n
133.503413,258.4594595,157.3513514,514.6216216,26.77043058,n
118.7171717,202.08,91.92,563.64,46.55140814,n
116.980057,195.0454545,85.78787879,376.7272727,39.67243343,n
125.7355584,207.1020408,90.14285714,605.7142857,24.33726308,n
122.1213018,241.5283019,110.0943396,735.0471698,27.79822917,n
97.075,251.4,122.8,635.1,11.65160933,n
156.0833333,228.0,103.0,725.0,24.82885866,n
129.2857143,204.744186,88.74418605,496.4883721,34.59716411,n
137.0951195,208.015873,90.97619048,423.968254,27.9906672,n
123.8826367,267.5897436,132.1538462,612.7948718,28.8012528,n
137.8435583,210.4878049,99.73170732,614.6585366,48.00760895,n
147.7625,239.5,153.0,300.75,19.40225502,n
94.5875,195.2,82.6,457.4,23.49127498,n
114.4601329,202.0526316,85.15789474,411.0789474,25.04280269,n
138.4699647,196.4444444,86.22222222,387.5555556,15.5046787,n
126.127907,203.7777778,89.51851852,567.7407407,20.9037247,n
84.0625,168.0,75.75,282.75,8.757139944,n
136.6750765,237.1463415,113.6341463,600.4878049,27.87159572,n
125.4758676,258.9622642,115.7358491,791.1509434,18.82156569,n
127.8071795,202.7119565,120.7228261,415.8043478,27.25897123,w
168.7604167,228.5,104.6666667,769.8333333,9.441339359,n
136.3710526,238.5,114.9166667,730.25,26.35069971,n
119.130988,210.6547619,93.23809524,623.3095238,26.05415823,n
122.8686869,220.1612903,96.22580645,510.7741935,22.63652073,n
110.4882813,230.0625,103.875,543.8125,26.56470579,n
139.7270115,244.3636364,111.5454545,866.3636364,32.32738649,n
118.1793478,240.0869565,110.6956522,648.2608696,22.08806913,n
122.1881533,200.3333333,90.0,631.0,22.21499883,n
113.1535433,217.875,99.125,452.0,13.06818058,n
120.8852596,205.8266667,94.77333333,513.1333333,35.09345998,n
118.3916084,253.6111111,117.6111111,841.1666667,14.87281471,n
122.0163723,244.369863,113.9109589,708.130137,17.28209102,n
135.3217391,213.7692308,96.86153846,555.8923077,29.87199516,n
126.1192469,231.5333333,110.9,735.0666667,15.51071314,n
115.4208333,209.4,88.86666667,551.9333333,22.94825096,n
131.7580866,194.2826087,84.56521739,315.6014493,14.16796391,n
154.9050633,263.5,125.1,701.1,14.46685868,n
140.2236842,224.3157895,105.6315789,559.6842105,21.31520467,n
131.0494474,199.5462963,88.37962963,526.537037,35.19894468,n
116.8496622,254.7297297,116.1351351,776.4324324,30.54683025,n
113.25,231.9,101.9,599.6,20.54361215,n
125.3499197,232.5641026,108.2435897,724.7179487,31.60216882,n
123.5963791,364.9830508,271.9152542,429.7457627,18.59168295,n
118.7100313,258.925,148.575,645.65,23.73030763,n
144.9166667,214.8333333,98.16666667,494.8333333,23.2874549,n
134.8206107,231.2424242,100.4242424,712.3636364,15.40157291,n
135.7886565,216.520202,99.33838384,561.0151515,31.95066534,n
117.1007299,223.0930233,100.4883721,626.0930233,23.99844506,n
131.0292648,243.0909091,112.5454545,867.0340909,21.98940567,n
123.9375,184.8823529,83.29411765,359.7352941,47.13810417,n
98.8984375,220.75,100.75,572.5,27.95979256,n
120.6394231,206.1538462,93.23076923,510.0,18.9711709,n
130.8496504,175.3333333,83.40277778,342.2777778,21.17167847,w
145.1779661,218.4666667,102.4,571.5333333,27.51678276,n
143.4444444,220.5555556,102.1111111,616.5555556,30.87934505,n
127.4038023,194.4457831,85.04819277,348.686747,17.53058833,n
134.5770887,229.739726,115.0958904,508.4657534,28.98129667,n
125.7254902,215.75,93.0,758.5,31.48908541,n
128.7527174,175.7659574,73.32978723,229.8510638,10.86738968,n
130.1407136,206.6282723,100.1727749,174.8638743,23.05961492,n
118.703125,211.25,96.08333333,328.7916667,17.05867122,n
130.696562,213.7142857,95.5952381,437.7142857,31.95582268,n
102.7,213.2,100.6,492.0,18.16516813,n
130.9791667,221.0,100.0,601.0,19.8158186,n
127.6080292,176.0,73.68965517,275.6321839,12.68663549,n
138.8083378,190.4827586,81.76724138,345.6896552,22.14604501,n
144.6483051,221.4666667,98.2,552.8666667,13.63752992,n
115.7886905,256.8571429,125.2380952,785.4285714,9.762020905,n
126.8587513,205.6774194,105.1774194,187.0483871,18.2442456,n
128.5853018,201.6041667,94.66666667,454.6458333,20.63758034,n
116.6964618,218.4411765,95.38235294,592.1176471,32.63836662,n
145.0728155,208.3076923,93.92307692,493.0769231,24.70943571,n
133.4198473,241.7727273,120.8181818,586.6818182,22.64356808,n
127.2594021,212.5230769,98.69230769,384.0923077,21.40472768,n
128.5841709,207.68,96.72,535.44,35.6538974,n
142.0546875,204.75,90.625,375.125,18.26187542,n
127.2188119,190.3149606,110.1023622,383.3937008,19.66645422,w
120.812009,224.5892857,107.1517857,578.2321429,42.18898429,n
133.446875,210.95,90.3,559.45,31.37112526,n
122.1999159,209.2608696,93.06688963,646.3244147,29.78572786,n
126.996,259.8510638,123.4468085,809.1702128,12.07536317,n
125.0416667,216.1666667,94.58333333,550.75,25.32260601,n
129.6037625,198.6448598,88.0,371.7383178,42.90861534,n
130.25,256.4769231,153.1692308,429.7076923,23.3712715,n
128.9930314,222.0,101.7777778,479.9444444,49.53175811,n
142.6818182,210.2777778,93.94444444,628.3333333,25.65848836,n
118.5929334,220.6315789,102.9064327,670.0526316,30.68245787,n
125.7826087,220.1464174,109.0436137,536.2398754,24.86326462,n
96.57894737,249.1578947,111.2631579,763.8421053,20.50930469,n
134.4807122,187.8352941,81.89411765,361.4,16.48853644,n
133.5553064,449.6904762,425.6428571,670.4404762,30.40559858,n
140.6183575,210.1923077,94.53846154,600.5,25.45766732,n
119.9624746,239.9516129,113.3225806,739.9677419,30.17398387,n
134.7023433,210.2727273,95.46464646,444.0,25.07608258,n
113.2735426,218.0,97.21428571,603.1785714,24.36989088,n
113.5803571,201.3809524,88.0952381,427.5714286,14.77127199,n
120.372211,183.9193548,75.0,315.1612903,25.09204699,n
115.5059289,232.5,99.5625,584.4375,22.04957128,n
121.9114114,218.1190476,96.04761905,583.0238095,27.47623174,n
143.9270833,400.8333333,307.0,425.9166667,43.20003537,n
162.075,244.2,118.2,698.0,19.95394698,n
119.7648903,243.65,118.85,526.4,34.50778898,n
132.8179612,236.7884615,139.8653846,302.2692308,20.21375235,n
111.7539267,230.8333333,115.375,546.0416667,30.42474208,n
113.203125,229.5,103.3333333,725.6666667,30.58957702,n
139.4076087,228.0869565,113.5652174,471.6086957,27.24758708,n
105.0238095,188.75,83.5,307.625,44.3931301,n
117.5700483,249.9230769,124.9615385,650.6346154,20.05505551,n
114.3695652,233.0,111.0,765.0,13.6707311,n
141.3803922,211.875,96.25,621.9375,15.77961006,n
108.8860294,192.7647059,83.0,316.8823529,17.17908924,n
122.2457002,203.3137255,89.70588235,412.7058824,35.81392812,n
140.1356383,210.5319149,93.9787234,422.5957447,26.34728196,n
126.8811189,179.6111111,81.83333333,319.1666667,31.21237241,n
129.1752988,204.5,98.75,166.5,7.688262157,n
145.041958,212.5,97.88888889,405.3888889,17.46469101,n
130.5846354,223.9375,99.10416667,665.8958333,28.11156315,n
102.9765625,195.5,91.0,442.0,26.29519918,n
153.735119,259.2380952,133.3809524,432.1904762,21.09142178,n
138.0094502,239.5479452,113.3835616,495.0547945,16.83613473,n
104.2417219,222.1578947,103.6842105,511.8947368,17.75830343,n
137.0966387,211.4,91.8,621.4,30.01377462,n
110.6576577,190.2857143,78.5,417.0714286,28.79448643,n
129.4940653,192.4651163,82.44186047,242.4651163,13.94763443,n
128.5195313,192.625,86.3125,589.25,18.73822547,n
133.4698732,222.5714286,106.0336134,645.7563025,27.44493817,n
120.90625,209.4,93.3,571.8,36.67710457,n
125.41959,237.4710145,114.0144928,575.0362319,21.22615048,n
132.8674419,201.5,84.85185185,565.8333333,23.26710177,n
183.28125,328.0,223.0,384.0,7.0,n
129.9504505,213.7857143,94.21428571,628.6428571,42.94989962,n
134.4845606,200.7037037,85.59259259,291.2962963,15.51820914,n
119.7504174,234.0397351,108.2384106,687.8476821,34.12169122,n
119.2447917,240.25,143.9166667,424.0,16.44245014,n
107.3832335,224.952381,103.6190476,651.0,22.88757894,n
109.2194093,213.4,95.2,562.2,12.80867761,n
153.4921875,208.75,91.0,501.75,15.79111696,n
123.526178,207.5833333,97.875,582.6666667,23.65528445,n
112.0119048,257.6603774,120.8301887,871.3773585,28.03923407,n
125.2430556,180.6666667,91.66666667,338.3333333,21.73635516,n
143.0869565,195.8076923,89.84615385,424.5,22.36163901,n
122.7248908,201.4482759,87.65517241,359.3448276,22.80100546,n
120.3219064,217.1333333,98.26666667,665.96,24.36135373,n
122.0451128,217.96,100.2,617.28,19.17973931,n
130.5573048,201.9207921,87.32673267,183.0049505,8.402709615,n
135.1929612,202.0384615,90.38461538,477.3461538,36.94299843,n
128.2354312,230.8888889,109.7777778,676.8888889,23.4787941,n
108.9472789,226.0810811,105.3783784,704.1621622,27.49904042,n
97.15178571,217.0,107.0,448.0,11.64614327,n
117.2115385,244.9565217,154.826087,389.8695652,28.67027864,n
124.3434936,239.2407407,116.3703704,441.537037,25.26456038,n
114.4217172,234.08,125.68,392.44,22.73309482,n
115.8492679,237.4931507,113.9726027,570.8767123,21.00296202,n
116.5504808,251.6153846,112.9230769,883.5384615,14.97631266,n
122.9416667,241.1764706,113.3235294,706.3235294,30.46918291,n
133.5416667,208.7333333,90.2,474.4666667,25.79095449,n
141.5546875,252.0,115.75,696.25,21.98721219,n
112.173913,199.1304348,89.34782609,512.3043478,38.28976182,n
113.713877,251.9545455,118.8409091,801.6818182,32.62582129,n
132.2779456,204.7142857,88.66666667,344.952381,18.46612391,n
144.4475524,210.6111111,92.05555556,694.1111111,26.51205177,n
136.7291667,217.6,97.53333333,512.5333333,28.84024965,n
119.8961625,193.3571429,87.67857143,332.2142857,11.61389913,n
119.3036876,200.4827586,107.5172414,405.2068966,38.79186205,n
117.8740741,205.8235294,88.23529412,478.8235294,23.93893616,n
124.4125,218.6,103.4,617.1,14.7543214,n
122.0090909,233.7655172,106.6344828,662.262069,41.04161398,n
134.326087,203.5652174,88.60869565,491.173913,23.47230198,n
114.0326087,253.5576923,118.6346154,689.0961538,19.43966352,n
131.1647727,206.6818182,114.7272727,483.0454545,22.9035437,w
118.1988449,313.9078947,204.6184211,508.0263158,29.0925873,n
151.375,297.9090909,210.8181818,353.7272727,31.16763526,n
93.5,253.75,123.375,817.875,16.53027525,n
133.3870519,226.8444444,116.4722222,432.1666667,34.913708,n
121.5371094,334.53125,221.515625,385.359375,46.6508364,n
119.6438849,330.3428571,223.2857143,393.3142857,20.90124496,n
102.4943182,215.6363636,94.18181818,454.9090909,21.7768548,n
128.8581395,193.2839506,82.19753086,444.5925926,30.96654143,n
106.3263889,216.7777778,92.66666667,556.6666667,27.57391861,n
130.6622137,213.969697,96.04545455,649.030303,32.69997459,n
109.375,202.0,82.0,302.0,16.49810595,n
130.0105018,184.8703704,103.1666667,319.7777778,21.73225274,w
124.5904664,197.3252033,120.6422764,398.8536585,18.67563734,w
127.9323653,249.3373494,152.5722892,385.2228916,32.62843466,n
123.2378151,237.3933333,110.92,481.8333333,22.73786465,n
118.2400881,215.2413793,95.68965517,646.862069,16.11677068,n
117.96875,226.0,100.0,517.0,16.18641406,n
128.1147228,238.0606061,105.9393939,730.6969697,28.78379556,n
134.5828437,253.0,114.9814815,836.7777778,16.27398515,n
137.7169118,210.8235294,91.88235294,397.7647059,25.0938722,n
118.522293,236.0869565,109.2173913,843.2898551,33.11403603,n
121.7578947,174.0,92.66666667,217.7777778,14.05544576,w
117.9715447,223.8387097,95.93548387,583.2580645,29.40962629,n
103.7445055,213.2173913,96.26086957,611.5652174,28.75823216,n
141.8419118,265.9411765,119.4117647,876.8235294,25.68157418,n
117.1875,213.5833333,92.58333333,519.1666667,33.19094589,n
94.75,325.6666667,189.3333333,362.3333333,37.87589383,n
143.2813688,178.88,78.8,361.7,13.43501396,n
127.8979314,235.8877953,108.476378,687.2145669,28.94716538,n
127.9463087,178.3684211,92.36842105,278.4736842,14.97745305,w
112.2233503,221.24,103.16,627.16,22.84402767,n
124.2448759,308.8793103,197.1896552,722.3793103,50.26496086,n
137.8303571,222.0,105.0,709.0,35.29641249,n
135.69375,257.2,115.9333333,822.0333333,42.98402804,n
125.8909487,200.0344828,89.93103448,508.8103448,24.66014539,n
141.407563,225.8,111.5333333,612.8,26.04150533,n
117.1715391,237.2945205,109.0684932,746.8424658,27.93467099,n
106.6,230.1,107.0,679.1,15.27907065,n
134.7638889,208.8333333,84.33333333,406.7222222,29.20214773,n
130.8579387,201.7777778,88.06666667,471.8444444,16.21850795,n
122.3645214,240.4655172,115.2241379,736.9568966,29.8832747,n
122.0871671,284.0,176.0769231,303.7884615,24.54384888,n
113.7933333,246.2553191,111.893617,676.787234,33.26988832,n
104.5945946,196.2857143,83.07142857,385.0,25.26674026,n
115.2122241,243.1081081,112.3783784,876.4324324,28.67003281,n
116.36,218.2631579,97.36842105,597.6315789,28.64898852,n
142.2421875,222.75,99.125,609.875,27.6258484,n
130.3622896,213.7263158,123.7052632,153.7684211,10.9291042,n
128.125,212.0,93.13888889,470.25,32.36252977,n
121.624,222.8023256,103.8255814,669.9534884,26.46748671,n
136.1904762,211.2,93.88,589.88,28.05691359,n
109.2291667,216.7777778,91.0,554.3333333,29.71635456,n
124.9349548,233.4144144,108.6846847,789.2072072,24.1447156,n
116.4005236,235.7291667,108.6875,729.9583333,33.73484742,n
125.6102088,214.3333333,95.40740741,574.8888889,20.39190781,n
142.7395833,220.6111111,100.6666667,480.6666667,16.75384607,n
126.0421053,210.7083333,97.58333333,618.75,17.76696177,n
114.5121951,229.2777778,107.3333333,743.1666667,25.43085518,n
135.7944535,231.4805195,128.7792208,367.6623377,22.96749483,n
109.8532934,244.5952381,115.1428571,748.9285714,13.62936672,n
103.4829545,231.8181818,112.4545455,599.7272727,27.58787613,n
118.3515864,209.9805068,90.57309942,568.5204678,32.58566642,n
127.8356974,201.3584906,116.509434,372.1320755,23.92911092,w
134.1422764,186.9032258,79.0,300.5806452,17.57167572,n
120.7072368,380.9473684,296.4210526,443.9473684,27.75945348,n
183.28125,222.5,111.0,457.0,4.0,n
135.8781362,203.6857143,92.62857143,460.3714286,28.60403853,n
129.5097826,234.25,109.2844828,566.3103448,35.64903048,n
130.1451613,188.7741935,89.93548387,414.9354839,36.446988,n
118.6013986,234.8888889,115.8333333,675.5,34.05500045,n
145.0787037,219.6296296,102.2592593,507.6296296,27.41021007,n
154.8359375,241.375,115.75,598.25,33.52214753,n
100.7912621,236.0,98.53846154,726.8461538,21.34140626,n
127.3015222,226.635514,108.8785047,632.0186916,37.16207982,n
119.1024735,201.8591549,89.81690141,438.5774648,38.0947409,n
118.2818312,261.2045455,144.2272727,294.7954545,21.63918049,n
120.5789797,472.3431373,474.2352941,800.5,42.49571523,n
124.2291667,210.3333333,110.6666667,457.0,17.21110752,n
129.5846995,287.4486486,167.1081081,169.1243243,26.5759515,n
132.6125954,242.5757576,111.9393939,826.2727273,12.21463994,n
140.1828704,344.2592593,257.1481481,681.7037037,42.33603893,n
124.724036,252.9046693,116.7937743,757.4571984,13.79738994,n
114.1134644,258.8915663,127.686747,640.7349398,24.57305046,n
123.2920925,230.982906,110.7435897,648.1282051,31.52993422,n
174.9583333,216.0,98.0,541.0,7.586537784,n
130.6539862,193.2371795,88.78205128,234.2179487,16.37784635,n
120.3090909,253.516129,121.6774194,692.0645161,34.11543116,n
113.8161765,218.2352941,103.2941176,655.0588235,16.89741079,n
131.6428571,192.6603774,80.79245283,386.509434,19.53622116,n
143.3138173,204.3703704,92.48148148,532.1851852,23.84517965,n
112.1696429,230.7142857,105.8571429,650.5714286,40.69347839,n
119.460686,237.8823529,110.3781513,690.5168067,26.42272851,n
122.1590429,283.6629213,134.9438202,212.9550562,39.29208182,n
136.0039526,209.25,89.5,308.0,14.11061214,n
165.65625,230.0,108.0,555.0,9.027735043,n
113.0881356,236.0,100.7894737,726.4210526,17.15660312,n
134.1552347,197.7428571,85.34285714,449.3714286,24.49089793,n
111.9645669,199.8125,90.875,520.5625,29.57029496,n
121.8145695,458.6578947,392.2894737,605.0789474,16.14067744,n
113.8059211,197.4210526,84.78947368,385.8947368,45.53455964,n
135.564055,246.0591716,129.147929,532.7159763,36.4803769,n
113.5039164,235.0208333,111.4166667,636.1666667,25.21428132,n
112.1030534,215.773913,95.66956522,581.8,29.36057565,n
123.9189698,195.01,84.09,365.3,25.91936728,n
124.591944,179.4166667,89.08333333,208.0833333,20.35260168,w
102.7864583,219.5,100.5,609.5,21.42995697,n
136.818854,214.7058824,93.14705882,447.7352941,34.45412174,n
114.2564576,227.4117647,102.5882353,755.0882353,22.30375781,n
115.6875,208.0833333,95.77777778,425.5277778,42.71091456,n
104.7142857,182.7857143,81.78571429,281.7142857,21.16552839,n
120.7925926,286.1960784,192.7843137,437.372549,31.08159197,n
116.1785714,233.9090909,112.0454545,626.5227273,30.96201185,n
137.9155844,225.1025641,102.6410256,595.8717949,27.69425444,n
135.78125,242.0,110.0,761.0,22.28473412,n
119.5015167,229.3870968,105.4677419,708.3709677,30.6111866,n
145.93125,199.9,89.9,476.1,10.30970417,n
128.5079942,215.7325581,97.24418605,498.9186047,50.79432461,n
140.4734513,245.9014085,114.8309859,656.7183099,31.28015863,n
104.7,275.1,178.0,462.7,41.25299989,n
115.6436782,239.9,121.9,610.3333333,25.95514828,n
95.81818182,220.5555556,106.7777778,715.5555556,10.31838824,n
123.8257191,218.2972973,99.83783784,650.7837838,24.95527043,n
124.3669565,202.8981481,92.17592593,459.9351852,25.99731408,n
145.7861635,199.4,88.8,364.0,12.70590414,n
131.3761755,222.35,102.8,621.75,41.41968131,n
122.9372385,223.15,103.6333333,601.8166667,30.38224536,n
122.8478261,352.7868852,265.9344262,380.0983607,18.18652794,n
146.3883929,210.7857143,99.21428571,572.7857143,27.27636339,n
136.5198676,216.6315789,101.4210526,474.8947368,24.0446261,n
123.0802005,231.0,117.8,299.96,26.15969419,n
136.0052632,289.125,165.0833333,428.1666667,15.36223499,n
129.9556776,231.3956386,109.8161994,611.2461059,26.39969647,n
117.4646739,199.3913043,82.56521739,344.8695652,18.50703642,n
153.5416667,204.0,87.0,452.0,1.699673171,n
120.5954969,217.5679012,104.4320988,480.1234568,33.60008945,n
136.009542,213.1818182,97.0,593.4848485,37.99893672,n
133.5096154,187.4347826,77.5,354.2173913,17.52466531,n
165.1971831,218.1111111,98.0,655.8888889,22.42022896,n
122.5722433,228.6363636,100.1515152,609.4545455,16.42972066,n
127.4528302,203.9,89.5,520.35,26.5301715,n
136.005988,218.9047619,96.52380952,582.3333333,21.49524021,n
130.1727905,179.8125,76.75,251.75,10.69298105,n
130.4442786,197.1889764,89.36220472,201.5826772,16.73446026,n
123.5139949,203.7297297,87.89189189,521.5675676,39.08470695,n
152.2847222,234.2222222,111.2222222,554.0,21.91904296,n
121.5503472,202.4444444,89.52777778,535.2777778,38.83324392,n
93.203125,364.0,235.0,490.0,101.566173,n
128.2003183,187.2816456,81.21835443,305.1265823,29.42149791,n
138.1781327,191.4117647,83.92156863,348.1764706,13.63812532,n
129.0156647,236.5518395,130.8695652,375.8528428,29.51551422,n
135.5818987,212.8242188,97.6328125,509.7226563,32.46378598,n
132.5658343,183.0892857,77.66964286,226.2678571,16.8060572,n
132.04375,191.7,95.9,543.4,23.20430994,n
125.9048051,207.0,94.69565217,605.7681159,33.61136724,n
126.0631164,221.25,103.875,803.375,31.00955939,n
124.1187845,207.1648352,89.83516484,560.0549451,28.75738303,n
130.6226506,178.1755725,76.13740458,262.5801527,16.40669177,n
112.5355191,208.4782609,86.82608696,470.2608696,18.03671953,n
113.1458333,222.4761905,109.3333333,602.4761905,34.32418477,n
111.0163043,236.7391304,117.3043478,706.173913,28.22934697,n
102.7112676,203.4444444,91.0,467.8888889,18.018509,n
129.0670742,251.9445161,116.5935484,706.0503226,8.781240055,n
124.8570736,211.4538462,94.4,433.3846154,25.82727791,n
131.6824458,196.78125,87.4375,358.140625,30.60273425,n
147.8894737,254.1666667,133.5,481.0,9.557937365,n
133.6666667,218.5,95.5,651.6666667,35.4976525,n
126.2141143,232.2171429,107.9504762,628.3828571,29.25688033,n
141.5546875,195.4375,86.0,492.5625,25.68552304,n
110.281457,212.1052632,95.26315789,591.7894737,30.48100085,n
128.0457064,204.9926471,92.43382353,446.0294118,24.9071459,n
183.28125,204.0,96.5,475.5,1.0,n
135.5948158,251.4347826,123.6304348,748.326087,28.14068928,n
126.2727273,224.3658537,106.2357724,721.1788618,31.65370911,n
117.7163324,208.0454545,88.36363636,415.2727273,22.49908171,n
130.6770992,174.9879518,75.26506024,312.7349398,12.14178109,n
119.013913,229.7638889,109.1944444,603.0694444,39.39202062,n
123.0496516,222.1527778,100.4027778,617.9166667,29.38977826,n
133.5911215,238.4814815,121.7407407,637.5185185,29.44339621,n
140.453125,206.25,96.5,569.75,12.22126732,n
160.234375,223.375,100.25,674.0,20.90716085,n
116.9453782,208.8,105.4666667,329.4,38.0008187,n
138.3139963,206.9558824,100.6617647,387.0294118,22.64102288,n
131.1826309,199.3469388,87.51020408,517.4897959,22.31249792,n
127.5125,291.4,217.4,323.8,40.87737761,n
152.0069444,213.4444444,100.4444444,718.5555556,31.25798663,n
145.4859155,215.8888889,98.88888889,499.3333333,7.475061418,n
115.8378192,207.3736264,92.91208791,460.3296703,23.80346105,n
134.4394993,195.8888889,89.44444444,394.3555556,25.55788395,n
130.8409259,237.7960784,111.8431373,608.7098039,37.56008131,n
144.387589,200.2580645,88.69354839,530.2580645,19.281231,n
149.078125,280.5,160.1666667,456.1666667,36.5956699,n
128.3523899,200.3134328,94.64179104,313.5970149,30.0563368,n
127.7176259,190.6285714,85.37142857,375.4285714,30.93157689,n
145.3625,223.8,104.2,586.6,26.51339284,n
119.5255814,211.8888889,92.22222222,537.5185185,31.80487492,n
156.6458333,250.0,116.0,717.0,19.77933827,n
133.9193038,174.3,81.4,213.3,9.725449861,n
118.3479624,226.15,138.85,608.9,29.07279656,w
114.9331984,233.1612903,114.7419355,563.1935484,18.86912039,n
120.5661861,231.3958333,103.8333333,690.7083333,22.5504065,n
112.4571429,226.1363636,109.3181818,742.2272727,25.22837835,n
136.7704403,200.3,91.6,570.6,31.8023584,n
109.3958333,233.8333333,113.5,654.8333333,18.57791401,n
123.3959011,228.4793814,104.0463918,540.9845361,27.31913295,n
135.1840149,177.0,78.5,406.4411765,16.31186653,n
146.4703704,203.3529412,94.94117647,433.2352941,21.15456383,n
112.9086538,394.5384615,231.1538462,389.0,19.23476881,n
118.4808743,216.2608696,96.2173913,498.5217391,21.64221877,n
133.9465441,246.9891892,116.9405405,607.5243243,26.39285159,n
109.4375,202.0909091,83.54545455,415.2727273,29.76047631,n
133.3075862,225.4835165,106.4835165,687.8901099,23.23982274,n
113.0469108,253.0363636,118.5454545,794.9272727,27.20980621,n
120.866107,220.3043478,97.53846154,564.6354515,38.7828501,n
134.8348214,279.4285714,118.9285714,912.7142857,18.9768925,n
123.4180258,200.6575342,90.10958904,321.4383562,22.2439603,n
127.2665331,245.4285714,114.7460317,786.9365079,19.6867891,n
138.0864382,211.4285714,103.952381,450.8095238,30.46696289,n
115.9406675,248.254902,116.9738562,618.3006536,19.66329631,n
157.859375,215.5,91.75,571.75,15.2048512,n
137.7176871,201.2972973,92.75675676,484.972973,20.54676293,n
145.1126126,204.7142857,85.71428571,495.0714286,22.28582875,n
119.2792485,239.3378378,107.7162162,727.1891892,17.32928314,n
159.5170455,223.6363636,98.90909091,556.4545455,23.85354765,n
133.7344078,182.0666667,73.48888889,340.1888889,16.95155042,n
126.3121819,221.7752525,101.9090909,621.9368687,32.62053965,n
94.61267606,228.0,95.33333333,686.4444444,14.77986618,n
120.7291667,486.6666667,375.3333333,582.0,10.70825227,n
130.6863517,211.9027778,99.71527778,386.5347222,42.95454942,n
140.75,213.6842105,95.21052632,756.3684211,10.72755016,n
129.8218152,180.0,77.68421053,266.3947368,16.68414308,n
120.2951807,190.0952381,82.04761905,325.4285714,13.22198403,n
131.3355372,207.0,97.10526316,264.1052632,21.21157109,n
138.5482955,210.5909091,98.09090909,470.1363636,20.38026918,n
118.2934211,252.40625,115.8125,732.3229167,12.11919964,n
132.4750687,198.30625,89.15,595.3,33.13183656,n
146.95625,255.0,126.0,648.5,19.68755952,n
126.6666667,246.1132075,143.8490566,440.5849057,35.59827001,n
131.4754346,208.1445783,94.01204819,415.746988,19.10588111,n
106.215,572.68,571.96,796.84,82.96360648,n
111.7820513,243.95,108.2,753.75,22.93136498,n
137.6942257,240.2916667,107.3958333,852.1875,32.38566963,n
123.5225225,228.2142857,105.0,590.8571429,32.72488911,n
125.4658754,190.4418605,91.65116279,188.0930233,19.02169209,n
133.6428571,214.3333333,95.42857143,355.9047619,24.90098305,n
131.5701493,206.1428571,89.47619048,453.0952381,20.86833794,n
97.91071429,211.0,91.0,501.0,17.57781533,n
138.8102894,222.4871795,100.0,581.2820513,34.0735369,n
129.2817503,186.2288136,80.55508475,324.6059322,26.70409985,n
112.9038462,215.5833333,94.19444444,670.1388889,22.35382904,n
127.5246691,204.7142857,95.16190476,495.9714286,26.3342547,n
115.0640394,214.7843137,98.92156863,662.2352941,33.23386543,n
137.4716599,239.6612903,114.2096774,690.8225806,31.44292684,n
131.0349301,197.8253968,88.93650794,332.5873016,24.43548589,n
139.8374348,197.4404762,89.07142857,536.3333333,22.4698841,n
134.3933075,234.1923077,112.3307692,598.0307692,30.62835153,n
129.7168539,265.1785714,147.5,231.9285714,14.86276508,n
135.4613971,248.6470588,134.3823529,454.1470588,44.95753475,n
138.205314,228.8076923,112.5384615,559.2307692,14.7261491,n
117.3097792,243.2512563,116.5628141,553.3819095,27.89581167,n
125.29718,253.3103448,116.6206897,692.1034483,17.14913254,n
136.3884298,187.0,83.52173913,372.0434783,13.33585357,n
128.6205357,237.7857143,98.64285714,610.5,15.84941897,n
132.0771412,192.1531532,81.56756757,338.2432432,24.48469987,n
138.2625635,203.4054054,93.78378378,403.6666667,21.44280032,n
114.4306931,248.3333333,121.6470588,529.4705882,16.21285273,n
143.4972826,211.6086957,95.73913043,612.3478261,29.53009423,n
128.9721627,217.2954545,100.5,504.625,25.76976093,n
136.7146739,208.9130435,91.73913043,601.0869565,32.93425886,n
123.0227273,215.8181818,97.72727273,418.0,33.88422193,n
115.56875,224.3,104.4,526.1,21.33447914,n
124.9753479,237.2018927,112.0788644,570.637224,30.35179989,n
128.2424795,199.3478261,92.43478261,264.6956522,15.65354261,n
130.5802005,211.12,99.04,405.46,19.3088995,n
124.7113095,225.3809524,101.952381,648.047619,29.95378148,n
112.5952381,190.2857143,83.28571429,355.1428571,31.16673033,n
143.5583333,202.2,88.0,410.4,20.14944168,n
117.6861642,205.4464286,89.80357143,640.1964286,27.03106088,n
183.28125,344.0,223.0,457.0,2.0,n
0.0,328.0,223.0,384.0,0.0,n
118.5360231,233.9545455,106.0,740.9545455,30.51178474,n
132.6905109,214.8372093,95.37209302,638.4651163,19.88966319,n
132.142797,228.0733333,112.9666667,425.22,15.20806219,n
132.553719,208.7391304,94.30434783,583.3913043,20.60438407,n
115.2515625,194.0,82.125,417.425,21.91915544,n
120.8983891,205.372549,97.66666667,533.2745098,16.16583132,n
139.3925781,206.65625,96.0,423.46875,22.11667834,n
125.0627907,206.8148148,91.77777778,526.1851852,24.23382891,n
131.5998251,209.5601852,117.2361111,566.0092593,36.4421222,w
135.328125,212.5,87.21153846,485.2692308,33.50688241,n
144.1614583,187.6666667,88.83333333,422.75,16.6906078,n
133.0930736,236.5517241,107.4137931,658.9655172,16.7954753,n
134.6919643,199.2857143,116.8571429,477.8571429,22.49671178,w
133.4896789,192.5181818,83.15454545,326.3454545,22.41936147,n
130.1507469,245.057554,112.4676259,825.0935252,34.04515857,n
146.2878151,212.6333333,97.66666667,457.6333333,15.22658494,n
122.4669205,250.969697,150.2575758,466.2272727,30.57712685,n
115.6407767,224.5384615,103.0769231,658.6923077,14.43901683,n
149.345912,210.7,98.4,385.6,15.38343265,n
137.1485411,224.0,102.5833333,448.4166667,35.7272655,n
89.29090909,192.0,86.57142857,385.4285714,16.96936014,n
138.7241379,215.7272727,99.72727273,473.2727273,20.34902073,n
131.7101968,229.0571429,101.8571429,630.8,19.52756294,n
139.7592025,258.4146341,121.7560976,819.1219512,33.45544952,n
102.3735632,211.4545455,91.90909091,519.9090909,16.25367091,n
138.5037313,200.6764706,81.08823529,336.2352941,15.13663262,n
111.4469697,225.3636364,103.9090909,579.8787879,25.21995071,n
130.4537122,188.173913,87.76811594,253.9855072,21.4957194,n
116.1770833,206.1666667,95.0,582.6666667,7.363574011,n
103.925,250.5,152.0,472.0,18.17938393,n
134.013089,199.1666667,91.79166667,444.5833333,21.55512152,n
116.0510441,200.3518519,87.83333333,440.7222222,34.84679382,n
133.7873684,212.5666667,96.36666667,632.1666667,34.41267531,n
106.3526316,253.0833333,113.5833333,426.8333333,36.8732815,n
127.8749347,419.7016461,301.3600823,340.31893,19.94179238,n
102.1666667,218.7777778,91.66666667,527.6666667,21.20854708,n
133.8343711,186.9607843,78.79411765,407.8039216,28.75037569,n
127.3075435,178.0615385,72.96923077,352.4307692,22.08437826,n
100.6875,234.1428571,113.2857143,591.8571429,27.65531281,n
123.624498,235.5396825,109.2857143,708.1269841,22.59463456,n
121.9789272,204.8181818,97.18181818,535.5454545,37.22874962,n
125.3852295,216.388535,98.08280255,647.9363057,31.90598766,n
144.9545455,211.3636364,92.27272727,369.5454545,17.72657341,n
139.43125,216.5,96.5,724.5,11.83258214,n
122.5243553,206.2727273,93.0,621.4545455,26.2503837,n
115.7506964,221.8666667,103.6,624.0888889,17.86984494,n
146.6868687,197.8,86.8,320.8,9.255139113,n
134.2800908,235.9759036,109.8433735,559.6144578,30.21088121,n
141.3562874,205.8571429,91.85714286,471.8571429,15.52658462,n
136.0959596,201.4,111.4,444.6,16.55362196,w
133.5391485,252.8190955,135.9095477,205.0879397,25.28475353,n
139.3251366,195.7826087,80.60869565,441.4347826,21.78447445,n
138.0927419,238.4516129,106.8064516,659.0645161,19.5242585,n
118.4347826,213.3793103,99.27586207,641.7241379,28.06316131,n
126.2341969,239.0,106.704918,778.7540984,20.08371354,n
131.4166292,215.4929577,103.2323944,157.2042254,14.04207693,n
119.773703,219.4571429,95.42857143,512.4428571,27.00393395,n
144.5234987,180.0833333,82.64583333,327.6666667,13.92982163,n
140.1159639,185.5952381,78.85714286,299.0714286,13.86166266,n
128.1267606,187.8723404,87.20212766,272.4680851,18.52049444,n
130.5481481,227.9705882,102.7941176,763.0,27.45050595,n
128.7816313,219.377551,102.1632653,405.9183673,22.05265413,n
115.849866,235.893617,107.106383,757.212766,19.60157697,n
110.9034091,214.7272727,97.63636364,548.3636364,39.22071472,n
116.2506667,212.5957447,94.21276596,549.212766,41.76452128,n
135.2842566,234.6511628,149.8372093,587.0,22.06688785,w
139.4977477,201.2142857,88.07142857,568.2142857,22.3228571,n
142.925,180.0,77.3,424.7,17.15837988,n
113.9364641,207.6086957,91.82608696,363.3913043,17.61894495,n
128.0239044,243.0,112.25,827.5,14.85713213,n
132.0958409,281.9142857,180.2571429,421.6285714,13.57326303,n
140.1534527,198.4081633,86.2244898,384.4897959,21.95248741,n
123.7522831,222.0181818,134.6727273,510.0363636,21.58721691,w
131.313253,277.3617021,167.1914894,331.2978723,21.8464952,n
117.3981191,261.725,141.45,722.875,17.88428081,n
113.1328125,232.0833333,106.1666667,782.9583333,30.46716698,n
106.7882883,226.7142857,103.1428571,674.5,26.87736701,n
141.7841727,204.0857143,88.82857143,606.4,31.13150514,n
139.9819079,219.5,98.89473684,741.6315789,24.31420877,n
107.8035714,198.9285714,89.5,578.5,12.71508826,n
125.6690962,222.4651163,130.2790698,268.5813953,29.22435177,n
131.9441417,190.2785714,81.60714286,162.8571429,12.62468428,n
117.9140244,205.2621359,91.32038835,433.7669903,28.01479821,n
103.7894737,223.0,100.0,596.5,12.4465524,n
130.004,186.2765957,84.14893617,293.3617021,25.54838122,n
118.6466216,222.2150538,97.68817204,682.4946237,28.27173529,n
123.4265021,217.025641,99.85470085,623.6239316,24.02529288,n
118.8267218,227.7953668,105.046332,679.2702703,28.48019871,n
105.8596215,224.5,101.325,682.375,20.11825974,n
137.9267241,234.137931,113.5172414,778.9655172,39.68987986,n
87.3125,219.75,106.5,571.25,21.22940178,n
145.2160194,205.1153846,92.69230769,385.9230769,18.61208648,n
123.4242424,227.9746835,112.8987342,476.7341772,19.62540561,n
140.7210526,225.1666667,98.5,643.7083333,25.04315719,n
133.8958333,232.0,98.0,678.0,19.01461426,n
119.0267857,201.2857143,87.07142857,529.7142857,34.54758623,n
104.34375,251.25,136.0,423.25,24.48979379,n
162.5,207.0,93.0,690.0,17.70197729,n
131.66313,229.1845238,103.9107143,665.75,10.3139064,n
131.9005236,237.2083333,105.0972222,589.1111111,45.08907508,n
136.5772059,268.3529412,118.4705882,821.3529412,26.23146899,n
136.3263889,218.5555556,99.11111111,712.7777778,16.99091987,n
124.8280543,191.9156627,81.8313253,429.746988,45.2896358,n
153.5625,245.3333333,121.0,714.6666667,19.75878848,n
117.1157518,243.4190476,120.1333333,584.5428571,35.18049346,n
119.6322581,273.8305085,124.3050847,935.5762712,20.44816739,n
129.4875,450.8,423.4,843.8,88.99303344,n
115.2883275,218.7222222,95.63888889,620.8333333,21.98013975,n
122.5212528,201.3928571,95.53571429,485.8928571,20.63738805,n
108.5986842,240.7894737,116.7105263,612.1842105,27.70296543,n
154.4125,211.8,88.0,511.4,15.6792857,n
105.6489362,274.0,156.5,385.5,31.57926535,n
111.1125828,230.8421053,101.6315789,744.9473684,19.24035176,n
108.453125,211.5,94.41666667,574.25,28.16568046,n
131.2834043,217.4864865,99.59459459,542.5675676,23.34324809,n
132.0981098,271.1142857,134.0714286,657.2571429,23.10824572,n
118.4084152,198.608,86.572,555.404,28.69181598,n
118.7010676,237.3049645,123.0283688,485.5673759,33.55244418,n
139.1565762,217.3666667,98.73333333,590.3,22.59569772,n
138.8807107,209.56,89.96,526.44,29.72810118,n
137.1693002,203.8928571,85.28571429,354.6071429,23.88247158,n
133.617801,218.9375,115.375,417.4583333,27.50148355,n
137.5220729,227.1818182,133.9494949,246.6262626,14.94549496,n
136.4479339,201.4605263,90.01315789,497.75,25.85494844,n
130.4825688,204.6285714,97.54285714,111.5428571,4.246487144,n
133.8330781,209.804878,94.48780488,444.7560976,26.16700642,n
131.7596967,238.7685185,121.3148148,491.1712963,31.89137802,n
132.0958409,281.9142857,180.2571429,421.6285714,13.57326303,n
130.8776782,196.8111455,84.50154799,465.3560372,34.69556357,n
120.8605769,334.6153846,222.2307692,357.0769231,26.36027134,n
131.366112,186.0,82.73809524,273.6428571,17.18005224,n
120.9231415,240.9666667,117.0666667,668.7466667,26.28730154,n
115.8483034,220.4920635,102.9206349,546.5238095,20.516682,n
126.3130045,201.7142857,90.47142857,596.5714286,26.08573384,n
105.2670157,216.3333333,101.6666667,684.6666667,12.64334476,n
132.875,242.0,104.0,675.0,45.5,n
137.4369369,246.8809524,120.547619,599.4047619,19.74956586,n
142.1072607,214.7368421,93.57894737,573.3421053,31.34886577,n
127.5379538,271.8947368,146.3684211,538.7894737,15.1095721,n
112.8138075,251.7333333,110.8333333,806.0,32.57783841,n
143.6778846,202.3846154,87.38461538,435.5384615,16.53040949,n
134.0139092,242.744186,119.4069767,556.7093023,23.40175429,n
128.4590411,198.6428571,88.67857143,340.0178571,27.15231599,n
154.5322581,230.0,101.0,673.0,22.77608395,n
140.6142857,210.5,92.59090909,564.5,30.27671964,n
114.3925687,240.8205128,119.3846154,688.6666667,11.31359227,n
91.075,199.0,93.0,465.0,20.441135,n
124.0294118,244.0625,117.34375,634.84375,25.84552594,n
126.8027778,309.2444444,179.9111111,347.2888889,19.61309716,n
120.5392457,236.5806452,127.6451613,606.8709677,26.66045117,n
122.3125,227.1428571,104.7619048,635.6904762,27.92150684,n
132.5877301,222.3921569,133.0588235,579.2156863,19.83265243,w
117.7658103,214.6875,95.984375,449.1875,12.93961335,n
118.5287206,209.0833333,93.85416667,463.9791667,23.87976247,n
132.3194444,226.7222222,101.5555556,564.8333333,27.81380996,n
130.5367647,240.0,149.9411765,179.1176471,18.83914793,n
129.7386935,208.24,101.64,317.12,23.68101349,n
137.8494152,241.8372093,112.4418605,677.0697674,26.64255716,n
103.4166667,223.0,102.1111111,623.1111111,22.15656969,n
136.3944175,206.8076923,91.07692308,499.1730769,34.3201674,n
137.8429319,220.75,102.75,407.5,12.34205773,n
140.4202586,230.7931034,119.4827586,508.8275862,30.39670331,n
111.541841,207.4666667,96.0,591.7333333,36.10226216,n
127.8168224,241.4029851,119.1940299,587.9701493,28.72868761,n
121.8770833,405.2666667,348.9333333,688.5333333,36.40666911,n
107.1704545,246.0,114.5454545,727.4545455,15.97053071,n
115.67,216.9473684,88.21052632,532.2105263,38.16976222,n
117.6017442,220.9545455,103.1363636,673.1818182,10.24977323,n
106.6037736,235.4,120.4,436.6,22.34837802,n
119.8117519,208.8782609,92.66086957,526.9391304,35.35523854,n
122.9779202,198.9090909,90.625,509.3977273,33.33946827,n
124.358396,197.7,86.86,439.02,20.11765394,n
114.117801,211.75,96.45833333,557.5,21.46638199,n
112.2857143,209.4666667,85.73333333,481.8,32.99670017,n
139.8263889,238.5555556,109.1111111,762.3333333,45.29110233,n
128.7984791,229.4242424,116.0,403.6060606,26.57867715,n
112.8046875,192.75,93.75,350.75,49.34809393,n
134.7567185,245.9333333,127.1111111,562.1777778,14.67447604,n
113.1171171,233.7142857,106.1428571,571.7142857,21.0228253,n
123.39375,210.05,90.3,419.7,31.75988035,n
123.0193638,238.3913043,119.4456522,446.5543478,14.42633331,n
111.3095238,225.6666667,92.04761905,623.8095238,19.8707844,n
150.5357143,223.1428571,101.2857143,655.4285714,27.77680724,n
122.0264448,227.0724234,106.0668524,550.9665738,36.81162253,n
108.1392405,181.0,86.4,453.8,27.72814455,n
119.3591772,195.65,84.925,292.925,17.22236918,n
126.9343284,194.952381,90.61904762,493.2380952,24.07000373,n
104.3080357,206.0714286,81.0,533.0,16.37833935,n
135.8708333,283.2,186.8,276.6,23.09593519,n
127.6273674,212.1654135,96.29323308,477.9323308,21.44673284,n
131.8386243,227.6421053,104.5052632,655.7473684,23.55369889,n
114.5708661,218.3958333,99.52083333,448.7291667,12.35302482,n
134.8114286,238.4545455,105.9090909,680.3181818,18.44894675,n
139.0585366,269.7692308,151.0769231,495.0,17.09873866,n
150.4712644,214.7272727,93.45454545,487.1818182,16.78645656,n
145.6546053,221.8947368,96.84210526,536.3157895,29.61731918,n
132.0755627,220.3076923,101.9487179,699.6153846,21.27349225,n
117.05625,201.3,88.8,492.0,15.66556734,n
135.5842027,212.1984127,92.61904762,640.6190476,31.72601452,n
142.3758278,223.8947368,112.7105263,474.6052632,23.82077587,n
115.0050542,212.045977,95.8045977,377.5057471,18.750759,n
120.7772436,218.6923077,100.2051282,567.3076923,31.82380817,n
121.7359455,291.7297297,217.1351351,406.8918919,26.12810493,n
129.363141,258.8274112,119.715736,731.8274112,15.22978336,n
117.4130435,238.0204082,113.5102041,667.7959184,28.39770802,n
110.3295455,229.0909091,108.7727273,564.8636364,15.59329428,n
138.1294643,222.25,96.03571429,606.3571429,53.71547301,n
147.0429688,233.5,115.75,528.5,18.98313396,n
100.8798077,228.2307692,102.3846154,595.8461538,17.0224356,n
129.1319444,231.2222222,104.0,552.5555556,7.959775417,n
130.2861771,193.7586207,83.62068966,522.5344828,28.64820032,n
150.7436709,216.55,98.8,522.3,22.03270297,n
132.0387761,200.2740385,95.32211538,364.0288462,34.25941669,n
123.114643,265.7438017,147.8264463,488.2644628,13.18521421,n
140.6666667,208.7142857,98.14285714,484.4285714,15.3994434,n
135.2848325,210.2957746,93.16901408,446.2676056,29.27565669,n
110.4252874,231.8181818,107.6363636,694.9090909,10.63675213,n
113.0745192,225.0,114.9615385,586.8461538,26.12068033,n
109.8397213,216.8888889,98.66666667,646.8888889,27.85727513,n
134.7116345,204.0677966,92.78531073,370.3333333,19.20685431,n
128.9375,246.6666667,122.6666667,791.0,20.33606539,n
132.9631579,205.875,86.0,384.5,15.74007624,n
136.53125,214.125,94.875,625.5,14.87394954,n
121.0884495,215.5409836,98.54098361,468.6229508,13.69773912,n
115.6967593,228.3333333,106.6666667,757.4074074,21.88058375,n
114.452381,428.047619,278.0,518.0,118.8571047,n
134.8095238,189.25,76.16666667,230.1111111,10.95825412,n
122.2428952,377.6866197,270.806338,399.056338,27.16024065,n
131.7466667,183.8742857,78.20571429,237.24,13.88947157,n
132.8762102,200.1868132,88.82417582,476.032967,28.95310159,n
121.1696429,197.7857143,91.60714286,525.75,22.50087867,n
132.2701149,226.0909091,100.8181818,677.1818182,31.20844344,n
133.8033141,193.6091954,85.29885057,396.6781609,22.6678965,n
136.234104,209.7272727,92.09090909,627.1363636,18.57645582,n
136.0215232,208.4868421,93.52631579,455.4078947,29.2406998,n
122.6385135,209.7849462,91.94623656,576.516129,26.83134204,n
133.8441971,194.175,87.85,311.3,21.6665641,n
112.7566667,184.0,79.36842105,375.4210526,26.51566202,n
129.2823779,302.6440678,214.5084746,632.9322034,62.2350956,n
145.1363636,261.5909091,167.0909091,303.0909091,19.50333729,n
151.2362205,252.8125,115.5,884.6875,16.00976265,n
118.6142384,234.8157895,113.25,612.4605263,27.58556005,n
95.70535714,213.4285714,94.57142857,578.8571429,14.70110367,n
113.474359,227.4375,106.765625,517.921875,22.13398035,n
121.372549,222.5,98.0,638.25,35.03430239,n
144.1238532,227.5,101.0,633.2142857,26.91151411,n
128.1356643,214.7111111,94.26666667,535.2,15.88741252,n
101.3698885,214.4705882,111.1176471,503.1470588,19.51800251,n
131.2303255,179.8945687,73.95527157,179.1693291,6.236749062,n
121.1535064,237.8859649,112.6403509,783.7719298,23.40658762,n
133.2052154,247.3153153,117.4774775,851.4054054,20.00569678,n
122.7229064,230.7058824,105.3529412,736.0,26.37811006,n
112.1527778,258.5555556,145.3333333,578.5555556,31.54445227,n
140.1486486,199.1428571,91.0,491.1428571,18.10175321,n
132.0223684,217.7916667,99.91666667,625.8125,27.81504358,n
127.7454338,209.1818182,96.38181818,570.2,41.61223596,n
126.5050891,188.32,79.9,242.2,12.66908047,n
130.0113636,199.1818182,95.27272727,520.6363636,12.18656624,n
104.253125,193.35,85.45,416.05,31.57257512,n
114.195,217.76,93.8,604.56,32.55518392,n
114.1653543,235.25,105.125,747.375,34.61930233,n
126.553816,183.5,76.25,112.5,12.57256282,n
120.7625571,222.9090909,95.36363636,660.2,29.48065061,n
120.1422709,203.7173913,91.7826087,676.076087,27.93644894,n
132.0,187.3333333,78.64705882,334.372549,20.418422,n
112.6674584,258.8148148,138.1851852,485.8518519,21.87437634,n
144.2291667,246.6666667,116.6666667,823.6666667,33.00505012,n
147.2183099,183.6666667,84.66666667,420.2222222,13.11299422,n
141.1168478,204.0,93.13043478,509.7391304,26.60375771,n
126.1371211,241.5865385,112.1153846,782.1057692,32.56024798,n
87.671875,361.0,241.0,408.0,22.0383189,n
120.0884774,246.6885246,113.8032787,788.7540984,22.17242053,n
116.0833333,219.4444444,99.33333333,440.6666667,53.19519147,n
141.0323559,184.8412698,81.98412698,351.4444444,13.68445462,n
132.75,227.5,97.0,631.0,21.36195996,n
140.2027027,192.1428571,86.42857143,459.8571429,13.7226537,n
127.4454106,227.6615385,110.4923077,445.2615385,18.35688285,n
167.0,211.0,105.0,636.0,6.609652033,n
136.9550914,198.65,86.93333333,421.9416667,29.00773843,n
132.9947917,191.5833333,85.08333333,537.6666667,21.31212325,n
119.7620192,192.4230769,85.26923077,454.2692308,29.61570929,n
123.5365206,212.265861,96.08761329,511.9969789,28.60146551,n
132.0252336,208.2164179,89.57462687,577.6716418,35.22145593,n
118.7942511,202.2168675,90.78313253,442.6987952,31.43089709,n
131.2794118,207.3,93.9,479.6,13.11487705,n
123.2001121,271.5688889,130.5955556,847.7288889,27.90005301,n
125.104021,451.5555556,331.3888889,538.2361111,47.55902562,n
110.9102902,229.3333333,109.3333333,502.6666667,14.94619981,n
122.7454739,267.6779661,162.9491525,438.4067797,19.51485707,n
140.6034483,214.4482759,100.0,676.7586207,19.09068415,n
118.039627,226.6481481,102.8703704,538.1666667,31.14004387,n
135.1964637,184.8125,78.625,330.0625,13.37777424,n
120.2339572,311.5319149,201.6808511,433.3404255,38.81429595,n
162.675,220.6,99.6,566.6,9.792343948,n
127.6761364,221.4545455,103.0909091,768.4545455,28.98988139,n
133.2242424,197.25,88.84615385,374.8173077,17.65740705,n
139.7904762,255.3333333,121.3333333,722.3636364,16.80553715,n
129.1640625,210.75,97.5,476.25,21.54501102,n
106.0625,449.0,418.7692308,741.6153846,45.80160458,n
142.5296296,254.5,116.5294118,871.1470588,10.15485634,n
118.3917775,247.75,111.7884615,700.5769231,25.04873209,n
127.6412411,196.4742268,83.13402062,490.0309278,50.38872171,n
133.9686469,209.0789474,92.28947368,485.6052632,33.47749068,n
154.725,250.4,112.9,689.5,20.51243525,n
135.4054054,223.5,106.5,466.0,22.53489358,n
119.2956465,224.6804124,105.2783505,468.7319588,18.62636409,n
113.6107955,208.1363636,90.68181818,635.4090909,36.27785336,n
130.4505495,237.3333333,113.9649123,775.1403509,24.88096623,n
149.5446429,243.0,111.0,408.0,18.53512936,n
129.6169094,177.6882129,73.90747782,196.1647655,10.7290532,n
122.2259615,225.9615385,107.0576923,476.9807692,49.99586891,n
133.6820702,229.8235294,103.4705882,730.2941176,22.92473015,n
120.4330743,222.5517241,100.8551724,577.8275862,26.09609061,n
122.1012658,178.1,77.8,404.55,17.04780044,n
139.160396,235.0,120.0,253.8125,19.64168777,n
121.140625,797.0,608.0,819.0,74.87823449,n
104.109375,306.8333333,203.5,400.5833333,10.41999947,n
98.96428571,186.7142857,81.57142857,491.2857143,18.06225063,n
121.2720588,233.7352941,122.6176471,391.6764706,35.38796347,n
133.8285714,202.9090909,95.90909091,508.5454545,15.47325071,n
115.4470377,225.4857143,99.22857143,709.7428571,28.95152881,n
130.6810345,179.5454545,80.72727273,317.8181818,15.99283156,n
114.5208333,226.875,103.0833333,725.0,28.52873795,n
130.5578313,195.9230769,87.25,437.8653846,30.52605832,n
109.4970238,223.5714286,101.952381,645.5714286,18.03511314,n
119.6710526,226.8421053,111.4736842,514.4210526,28.1369819,n
145.8181818,251.3333333,118.7777778,442.0,23.86277643,n
118.5852273,284.0,154.0,659.0,19.89974874,n
132.0763889,219.8888889,102.5555556,444.6666667,15.06283137,n
120.5731132,219.962963,98.40740741,634.5555556,21.6002464,n
128.4641661,235.8404255,115.9042553,513.4148936,20.08348353,n
123.17,289.08,190.04,473.04,17.96191527,n
131.0414634,190.1442308,89.78846154,218.0865385,22.00273778,n
122.2829912,251.6744186,113.4651163,840.3255814,18.49236464,n
108.5625,207.7272727,93.18181818,504.4545455,38.86913837,n
126.5179924,267.5522388,154.6119403,338.4925373,21.77260516,n
126.3737769,221.125,104.625,507.875,22.58661713,n
128.2622699,182.9512195,75.65853659,285.6341463,23.56062213,n
133.3417367,207.1555556,103.3111111,465.2888889,14.77779449,n
137.7890625,218.0,93.25,543.75,13.10534242,n
137.7267206,212.9354839,95.35483871,612.0967742,27.75865963,n
131.8519225,328.5477387,206.2311558,310.6482412,15.86386079,n
131.0490012,191.9502488,85.33830846,333.3233831,31.30249893,n
134.1197893,217.419708,98.60218978,546.4160584,30.87202893,n
131.7506614,277.0105263,159.3684211,463.4736842,42.12267272,n
129.6910714,205.0377358,90.37735849,359.9528302,22.80767056,n
132.8229167,218.8333333,97.16666667,715.6666667,27.12727205,n
126.125,201.5882353,88.47058824,463.8823529,17.68505713,n
110.1019417,251.7692308,120.7692308,903.0,23.05126779,n
97.82051282,222.2,97.4,668.8,19.46689498,n
133.4081633,210.9069767,93.20930233,580.6046512,20.24199192,n
137.5717054,253.0615385,118.1538462,870.1692308,18.58607992,n
110.4572368,231.0,100.0,517.8421053,14.78432201,n
129.7038123,182.372093,74.88372093,292.6744186,13.40592283,n
143.1809045,195.24,84.56,458.96,15.4607115,n
96.11347518,233.4444444,103.0,684.5555556,9.867017011,n
100.21875,218.5,95.5,597.5,28.77885026,n
124.9702381,218.0952381,97.42857143,595.8571429,40.7810369,n
88.99107143,218.4285714,103.2857143,617.0,9.007933012,n
131.116672,200.2878788,88.47474747,416.0252525,39.35435722,n
123.5244161,255.0338983,138.3728814,588.3050847,28.84446,n
111.6875,392.5384615,208.2307692,377.0769231,54.77009507,n
134.5498576,226.2045455,99.70454545,676.7727273,50.39592725,n
148.1981982,196.9285714,78.0,270.4285714,14.10167163,n
116.7447917,222.4166667,102.25,570.8333333,27.74659013,n
123.8233475,248.2883436,125.0858896,554.9079755,21.77546327,n
124.2890625,262.125,122.625,815.25,21.14877853,n
110.7735849,189.3,90.5,423.1,29.71935396,n
121.8291457,214.04,92.68,516.56,32.0153963,n
122.8396675,205.4528302,91.11320755,396.5283019,20.5190566,n
129.9919614,264.2820513,147.974359,472.0,21.0227953,n
107.3946188,208.1428571,92.57142857,616.75,30.46526962,n
121.0208333,230.8666667,104.2666667,605.7,21.81969039,n
107.9191176,251.1764706,129.8823529,518.1176471,27.47808186,n
106.0480769,229.0769231,103.9230769,634.8461538,31.55571761,n
120.1445993,205.5833333,89.94444444,522.5277778,23.36167261,n
120.5393258,236.9166667,112.1785714,769.0714286,21.56822219,n
110.9574899,212.7741935,93.61290323,475.9032258,28.23389746,n
104.5058824,239.3125,126.1875,483.375,16.88260824,n
136.1348684,219.0263158,105.9736842,568.5263158,46.75222009,n
142.8107639,187.3611111,80.16666667,442.9444444,16.44481982,n
116.8295505,204.7659574,89.53191489,469.9148936,40.27874558,n
122.0412541,237.3947368,140.8947368,415.5789474,19.67970677,n
138.4310345,467.1818182,255.7727273,353.7272727,41.72519306,n
126.3020833,226.0,97.0,545.0,37.62534607,n
130.2059471,203.7982456,88.63157895,380.8859649,22.95064257,n
126.1379142,233.8914729,110.8372093,572.9844961,20.27515193,n
122.0212592,201.2727273,89.76623377,427.3636364,20.57858494,n
149.4963235,243.1176471,116.8823529,736.7058824,26.32167263,n
132.9221949,185.7662338,78.55844156,349.4025974,25.59113894,n
117.254417,204.0,95.5,356.0,15.72290929,n
110.4375,204.0,87.59090909,509.6363636,28.00959104,n
132.3725962,229.3076923,109.6923077,584.1538462,24.57403378,n
130.0966325,206.3218391,94.45977011,395.5402299,48.21346816,n
137.4525,195.24,84.96,387.56,25.09100237,n
129.8303571,194.6190476,89.61904762,389.1904762,24.61494854,n
119.3450292,255.3139535,122.3837209,796.2790698,19.31480754,n
149.0416667,275.6666667,142.3333333,672.0,46.70980149,n
110.3010471,191.0833333,81.91666667,368.25,20.50673162,n
110.5966387,256.2666667,113.8666667,838.8,11.93984925,n
175.0,205.6666667,98.0,528.6666667,4.921607687,n
121.4131579,266.25,122.1666667,732.8541667,14.1297927,n
139.4005682,230.8636364,128.4090909,420.9545455,39.05939533,n
120.99375,343.25,237.675,387.65,25.16931415,n
136.2666052,206.8823529,88.75,579.8970588,23.00806144,n
116.8238806,204.4285714,92.71428571,394.6428571,20.81431785,n
129.0050125,246.06,116.68,719.14,23.56931055,n
154.6778846,236.3076923,121.8461538,415.0769231,15.60647719,n
126.4634146,195.0,85.25,86.5,7.327175445,n
117.0990338,202.4615385,91.30769231,541.4615385,36.90169653,n
116.6517857,248.4285714,109.5714286,799.7142857,29.23235557,n
107.9137931,224.4827586,102.9310345,724.6206897,18.57990425,n
122.4603774,256.06,143.46,268.16,30.16836091,n
124.8854167,240.25,118.3888889,485.25,17.84734652,n
123.4243542,282.4230769,190.1923077,427.4423077,19.82104666,n
119.4282946,215.4615385,98.56923077,508.0615385,19.52237981,n
125.8165939,196.2222222,85.23611111,353.1527778,23.2325037,n
131.1154709,202.8035714,87.66071429,514.2321429,25.9230366,n
114.1875,221.4482759,100.137931,715.5517241,30.46028193,n
120.2293645,239.255814,111.372093,625.4883721,30.13079474,n
116.3924051,227.9,99.85,583.9,7.552979545,n
138.4326923,218.0769231,98.11538462,556.9615385,27.88482759,n
125.7730449,235.5608466,107.957672,765.8465608,36.7743382,n
129.605449,308.6935484,201.5806452,371.8225806,29.86732717,n
137.0916667,229.6666667,106.3333333,724.3333333,29.47511191,n
142.022792,279.2727273,168.1818182,407.5,18.0113027,n
135.8871233,190.373913,82.84347826,295.9391304,21.30340726,n
112.0277778,211.0434783,92.2173913,634.4347826,23.23529679,n
117.796875,211.25,98.625,501.875,30.43820584,n
142.4880295,203.0882353,91.04411765,414.9117647,19.8673967,n
122.1967033,251.0136519,113.4709898,749.5802048,7.996848498,n
128.8125,236.4545455,110.4545455,663.2727273,35.97427915,n
118.6107011,215.0,97.77941176,458.4852941,26.94568338,n
134.7873303,186.0,78.28571429,373.1428571,14.44005908,n
121.2991182,215.8707865,99.29213483,556.2191011,20.87527134,n
140.3386308,202.8846154,90.34615385,310.6923077,15.21595044,n
132.74375,227.1,100.35,635.6,30.61372241,n
124.3739237,219.8823529,101.2352941,458.7843137,25.33655052,n
132.3359528,205.59375,91.40625,625.4375,25.78802941,n
104.796875,289.5,183.5,355.5,36.64355332,n
96.1015625,843.0,662.0,742.0,9.218697034,n
126.0952381,240.0,111.4761905,738.6666667,23.87894641,n
134.6625,206.8,91.6,373.6,17.8742832,n
129.998,233.2222222,135.2063492,293.7460317,24.19386095,n
118.1389313,221.9756098,101.6341463,633.9634146,37.79183095,n
129.2293907,201.8857143,92.14285714,428.6,34.91769916,n
115.9835526,206.4736842,90.57894737,539.2631579,22.6577572,n
111.5625,206.1578947,89.21052632,542.3684211,44.06284859,n
118.5273349,273.8909091,166.3636364,398.4363636,31.39918407,n
127.8724428,194.8076923,88.34615385,340.6923077,24.31708527,n
128.3756303,724.6666667,544.2266667,590.4266667,43.19556767,n
136.3012048,235.3809524,125.8571429,313.2857143,16.39077778,n
143.2269939,254.6451613,150.1935484,437.2580645,17.01868961,n
127.1869748,233.5333333,102.0,737.6,17.98273864,n
128.6358234,181.2133333,81.16,294.76,17.60179789,n
117.3519737,199.6842105,90.31578947,479.6842105,25.13850828,n
137.7833787,228.5,106.9130435,514.8043478,31.80214115,n
132.6731537,179.8740157,77.76377953,261.503937,19.7186642,n
135.4375,303.6,190.6,568.2,16.16910635,n
115.1931818,199.0909091,82.18181818,431.8181818,37.56515002,n
108.2695313,280.0,130.5,809.75,12.6318051,n
131.1114983,213.6666667,125.4444444,537.8888889,19.43481905,w
141.5360231,217.2727273,98.13636364,572.1818182,7.965836143,n
111.4791667,251.75,116.9166667,485.5,23.96568728,n
114.8442623,232.3913043,114.9565217,509.1086957,13.0532572,n
141.5313725,232.8125,113.5,684.0625,26.9112401,n
108.59375,232.9,99.5,671.2,30.45061576,n
138.9371257,212.3333333,110.1904762,245.5714286,12.69521041,n
149.3125,206.6666667,94.83333333,607.6666667,27.37344618,n
132.9296875,195.0,84.0,290.5,7.696387139,n
133.8093525,194.0571429,87.11428571,376.6571429,19.9138143,n
121.7733072,269.9375,140.96875,547.21875,36.65494456,n
131.7122128,213.1730769,99.23076923,635.1538462,25.62597956,n
117.4739583,247.8333333,117.3333333,844.8333333,17.65860665,n
130.8632726,191.4063604,82.84452297,322.5689046,24.59657338,n
132.3789474,230.8333333,117.5833333,475.0833333,38.96650984,n
123.3133159,330.125,267.5416667,723.8958333,59.42204277,n
152.8269231,219.6153846,100.6923077,411.0769231,12.64630357,n
132.7208791,188.0116279,80.11627907,358.1511628,26.47719357,n
136.4926829,261.7692308,137.1538462,438.7692308,19.50208607,n
137.8133333,219.1578947,100.1578947,416.0,20.46916809,n
134.8301527,205.2727273,94.06060606,563.0909091,14.72527733,n
131.5546407,215.4055666,101.1988072,483.9224652,39.67716528,n
133.2939824,195.9668874,84.73509934,330.0827815,20.08743006,n
83.578125,193.0,85.5,421.5,4.145780988,n
114.6778025,246.4705882,122.9764706,573.4588235,20.07775887,n
113.738676,260.3333333,149.6666667,354.3333333,18.27870649,n
115.6480687,243.4318182,128.2727273,535.3409091,20.84357324,n
117.7993421,234.9473684,127.4210526,365.6842105,29.34199906,n
121.4270833,219.1666667,93.375,583.2916667,20.15732394,n
130.9762151,238.0163934,143.1803279,247.704918,15.66261114,n
126.0561497,195.0,89.4893617,379.7446809,28.28689597,n
130.3588435,200.2702703,89.94594595,444.1621622,34.09894082,n
106.3333333,229.2727273,109.1818182,610.2727273,22.00751187,n
121.646648,220.0,106.6222222,384.5777778,14.65851625,n
125.2215909,357.9772727,281.0681818,460.0,38.43995532,n
107.0808824,228.3529412,110.9411765,756.5882353,27.213878,n
137.6716172,244.5526316,116.0263158,709.4210526,23.74525758,n
142.1434978,237.2142857,109.7142857,502.9285714,28.58863321,n
166.546875,218.0,107.0,732.0,10.96300597,n
117.1595214,239.0634921,115.2222222,620.3492063,26.63627331,n
143.0894819,200.95,86.6,445.575,26.6856586,n
118.6733871,218.5483871,96.90322581,558.5483871,16.01495139,n
120.3627737,205.5,119.3953488,416.5813953,20.67631835,w
132.3818182,210.0,87.85714286,489.5714286,25.03711531,n
115.6963351,227.6666667,100.6666667,694.1666667,15.29773948,n
127.7637326,255.0526316,139.0947368,376.8421053,18.47572638,n
143.1653543,226.25,94.75,611.25,28.90258423,n
115.4605263,220.8421053,93.0,632.3157895,35.27368264,n
129.30625,261.35,154.55,339.95,31.70583543,n
116.9196078,195.3125,85.1875,415.84375,31.5182084,n
124.6218969,210.6464646,96.17171717,627.4949495,18.50443297,n
140.7102273,225.0909091,100.2727273,672.7272727,18.77619382,n
135.1489028,199.525,90.15,472.55,28.78618375,n
123.8244786,226.9125,104.825,498.88125,38.87951692,n
121.014881,263.7619048,146.4285714,237.0952381,34.20188164,n
124.1782041,211.8396226,98.81446541,481.6698113,36.52649196,n
133.359375,166.0,84.0,247.0,14.10175078,n
129.3413333,536.3617021,511.6808511,761.8510638,78.32356771,n
132.408377,232.1666667,124.8333333,353.8333333,18.00848565,n
119.0585106,227.7288136,106.5084746,744.3728814,19.15983062,n
123.4018059,233.4285714,114.8571429,527.6071429,21.01262983,n
178.796875,326.0,228.0,357.5,14.9415528,n
93.2183908,218.6363636,101.8181818,739.2727273,6.86348585,n
125.3006135,211.5309735,96.0619469,504.0619469,32.40773212,n
141.1875,226.3333333,107.0,568.0,28.8713622,n
120.1850394,241.0,113.75,828.75,32.26398679,n
123.8472222,227.1111111,110.5555556,526.5555556,33.82671893,n
150.3606557,206.6956522,88.56521739,428.6521739,20.37660544,n
143.0,210.8421053,99.63157895,717.8947368,37.09880496,n
117.5231481,212.037037,98.07407407,512.8148148,33.5949405,n
135.9749373,199.08,90.6,458.48,37.97367509,n
109.925,216.4,88.4,506.6,25.70136183,n
106.34375,231.8,111.8,726.4,28.66722868,n
115.1571165,214.6764706,97.35294118,536.9313725,30.13904245,n
138.5844156,205.5862069,91.31034483,395.2758621,14.18377764,n
116.6960168,218.5,105.2333333,427.0,28.42111891,n
132.1004184,237.7333333,110.7333333,611.1,26.84763594,n
127.5519713,175.875,71.14772727,234.2840909,16.46979454,n
127.2232143,219.4285714,100.5714286,588.8571429,17.27449459,n
127.5833333,216.3636364,92.90909091,578.4090909,28.28898247,n
140.1531532,203.8214286,94.0,414.1785714,13.27048859,n
111.3289474,251.5789474,126.1578947,726.1578947,28.09491235,n
129.9263914,218.9428571,97.34285714,640.4,29.92665865,n
124.8608924,252.4166667,124.25,595.1666667,26.56121729,n
132.7053571,214.8571429,99.35714286,581.5,31.91154867,n
113.0833333,217.0,98.33333333,598.0,18.49324201,n
129.2687747,278.4166667,160.4166667,378.5,16.32971899,n
132.4198623,185.859375,79.796875,355.46875,20.7054303,n
118.0625,195.4,85.8,489.0,15.55120574,n
87.3125,199.5,88.0,546.0,7.968688725,n
134.0104439,331.9791667,272.0208333,487.5833333,46.14796835,n
126.1847051,325.122449,204.8061224,334.3571429,16.21623779,n
114.588697,198.95,91.1,495.75,23.41682088,n
130.9791667,220.9166667,99.08333333,649.25,16.69497596,n
125.7656546,222.6363636,102.469697,708.9393939,30.52518944,n
116.2506812,230.7681159,110.5797101,783.4347826,18.85677119,n
132.4309291,214.1456311,99.09708738,609.5631068,23.36655011,n
124.2670025,186.9,80.08,303.4,17.40877939,n
117.2032345,236.5555556,139.5897436,384.7435897,10.07746314,n
139.5629921,247.25,113.0,853.5625,37.5014583,n
98.9453125,522.125,504.375,772.375,93.97606078,n
148.6531532,192.9285714,89.71428571,528.8571429,17.55298102,n
116.4265306,220.0869565,96.66304348,566.3152174,27.01266069,n
114.1605114,221.4772727,96.93181818,735.3409091,18.52343836,n
133.2065868,189.7882353,81.21176471,261.1294118,15.82910464,n
121.8923611,215.1666667,94.16666667,602.9444444,24.09241467,n
140.5909091,203.75,90.71052632,455.0657895,19.95373805,n
119.5680757,240.3913894,114.1037182,689.8238748,28.47858262,n
144.6470588,219.8823529,98.70588235,509.7647059,18.27718149,n
119.0179641,188.3333333,82.47619048,354.6666667,21.71783597,n
128.7745005,180.7272727,77.32575758,311.7348485,26.18288241,n
97.38297872,228.3888889,103.6111111,674.0,7.397864223,n
93.09375,396.6666667,234.8333333,518.6666667,76.96319467,n
135.6217105,216.3684211,99.42105263,699.6842105,28.71273328,n
141.5625,214.25,101.1,717.3,36.64188177,n
119.296875,229.1666667,108.0833333,660.25,34.22312409,n
112.6911942,225.9615385,102.4230769,666.6730769,34.04654402,n
117.9453552,226.9565217,106.1304348,611.9565217,11.33190621,n
135.4444444,215.877551,94.73469388,479.0,31.30418002,n
110.1798942,288.75,173.3333333,360.25,12.89352766,n
120.6088683,243.0842105,109.7157895,835.9052632,31.03273939,n
87.3125,195.0,83.0,353.5,7.822243924,n
126.527972,178.7777778,85.11111111,359.7777778,11.08051343,w
142.8445946,215.9642857,95.07142857,499.7142857,37.0842257,n
132.2666667,194.7666667,84.5,318.2,19.10031995,n
105.8270893,241.0909091,112.1363636,857.8636364,11.7779911,n
133.308642,220.1935484,97.06451613,593.8064516,16.25396774,n
117.814951,214.9803922,103.1568627,548.5294118,40.31491758,n
143.038206,230.5,106.3157895,724.9210526,24.2513386,n
140.838785,282.9259259,169.3703704,329.7407407,25.53321622,n
145.5905512,191.5,91.4375,398.0625,14.49137675,n
137.066358,186.3170732,85.95121951,357.6829268,10.83629743,n
143.20625,207.2,87.4,413.4,15.28692252,n
132.2815075,189.7611111,83.92222222,336.1805556,27.00056455,n
113.3706294,250.7037037,132.2592593,532.4074074,26.08254282,n
120.0519677,488.12,323.928,561.936,18.23969473,n
134.2245509,205.047619,95.19047619,554.5714286,30.79321715,n
119.0455531,205.4827586,92.86206897,527.5862069,30.38570914,n
134.8490879,194.0657895,82.39473684,383.4078947,23.90173138,n
122.2041985,219.040404,97.6969697,583.3838384,25.6607966,n
139.5163317,207.66,97.98,472.36,33.77729415,n
139.4466019,216.8461538,100.4615385,587.5384615,42.47324253,n
181.375,198.6666667,88.66666667,491.6666667,2.624669291,n
118.9428287,243.8893281,127.6640316,489.8893281,19.87520314,n
136.8450704,224.1111111,106.4444444,651.2222222,22.0151463,n
121.9121299,241.6142132,123.2893401,548.2081218,29.33594898,n
142.605,216.24,95.12,531.24,30.9597416,n
137.5648352,255.0526316,115.6842105,835.7368421,39.19450593,n
139.917847,191.0,82.26086957,395.4782609,18.92188699,n
128.0627803,203.6785714,82.75,548.1071429,30.20446902,n
134.3635037,193.8294574,81.8372093,371.3255814,20.96291448,n
135.6875,208.4285714,92.85714286,584.1428571,15.21143501,n
136.6446945,224.1282051,107.8717949,346.0,25.308069,n
152.3085938,211.25,97.5,575.5,19.51441775,n
117.0836763,248.4456522,137.423913,510.0869565,27.05353336,n
100.5,212.5454545,88.27272727,546.6363636,13.22719463,n
162.21875,221.0,107.0,437.0,9.0,n
134.3469971,198.5454545,86.27272727,402.0454545,28.51416931,n
125.5187777,226.6522727,107.7386364,547.6136364,33.77019567,n
132.9563636,193.2115385,84.85576923,331.8557692,15.41538989,n
110.15625,203.0,84.0,452.0,24.27618861,n
122.8066667,207.9736842,90.0,421.4210526,17.3656497,n
105.984375,181.25,76.75,351.25,42.07415329,n
129.9530744,192.8974359,82.01282051,313.5897436,17.50563448,n
124.9886364,235.0,123.3928571,407.9642857,14.49806461,n
150.1012658,189.0,80.5,247.0,7.269112738,n
123.149729,251.827957,114.4516129,855.7526882,16.06009641,n
113.5913462,216.1538462,90.0,474.5384615,27.01325557,n
130.264095,203.9647059,99.55294118,300.4352941,50.29089635,n
141.3506944,224.4444444,107.1111111,668.6666667,30.06392367,n
137.0290557,261.3076923,159.4423077,406.4615385,19.44856477,n
131.7421875,214.125,91.1875,600.25,22.59977876,n
137.4569231,233.7073171,108.195122,688.9756098,39.79274086,n
123.0555556,232.6470588,124.4117647,373.5882353,41.85797374,n
117.7805281,223.3684211,99.02631579,614.8157895,33.34799308,n
167.0,267.0,123.0,733.0,10.30776406,n
124.538206,191.4210526,79.36842105,299.5263158,12.29147397,n
117.0033003,214.3421053,94.52631579,560.2105263,24.34648609,n
125.0428322,214.75,95.30555556,444.9027778,23.27459124,n
125.3905237,243.4330709,116.2992126,757.1889764,21.07356714,n
133.3149606,208.875,93.9375,650.6875,19.38658928,n
135.2089552,202.6181818,94.70909091,388.0181818,27.49272481,n
140.7568627,194.125,80.25,343.625,17.99034029,n
131.1271073,180.0691114,76.99858956,283.7023977,20.2579555,n
128.9453125,196.0,93.0,437.0,27.33587387,n
129.8576438,275.8,146.8555556,645.7888889,33.40604107,n
138.3840909,206.1785714,98.64285714,527.8214286,18.54541447,n
149.5546875,201.0,94.5,629.5,25.78001891,n
164.21875,211.0,86.0,678.0,7.245688373,n
127.0803076,242.0884354,112.4013605,608.6258503,37.40474443,n
117.44,194.537037,87.16666667,448.962963,9.484537268,n
135.1481481,309.3181818,221.3181818,352.2045455,36.43563185,n
124.5421995,214.1836735,101.122449,575.7755102,20.19812322,n
108.821875,213.8,95.05,571.9,16.15270875,n
122.5549896,249.6261128,115.235905,734.9614243,10.36556462,n
135.8438178,214.2413793,102.1034483,638.1034483,24.82638886,n
113.9468599,196.6153846,89.15384615,480.1538462,28.79862751,n
140.7157258,222.0645161,104.6129032,536.0645161,28.82199848,n
129.6870839,237.9674797,122.9300813,495.1853659,33.48188078,n
146.8828571,193.8636364,88.81818182,471.1818182,28.94812259,n
87.3125,227.0,99.0,576.0,10.22252415,n
94.39583333,211.0,98.0,513.0,10.31180553,n
129.9409722,244.1481481,121.8888889,561.3888889,20.90757143,n
114.8492462,240.24,115.68,888.12,20.58442129,n
124.5513185,265.3021807,145.0342679,178.7570093,6.245941996,n
128.9847909,491.5151515,498.3636364,768.7272727,28.16842301,n
137.6814972,203.8876404,92.37078652,372.5955056,23.5270811,n
135.8412138,197.9775281,86.51685393,474.741573,25.86990751,n
118.6012333,232.3770492,103.9508197,754.6393443,36.02089632,n
123.5595727,221.3636364,99.09090909,578.7142857,28.0039934,n
118.0619555,218.0923077,100.7230769,513.1230769,18.90340441,n
129.4631579,531.625,512.4166667,728.0833333,85.46161419,n
127.877551,222.8648649,97.91891892,652.2972973,24.11531828,n
128.6893939,492.52,271.12,405.04,18.13963616,n
124.7518519,229.6470588,109.2352941,806.1764706,6.494607825,n
107.6356784,250.12,118.92,943.76,22.28807753,n
116.4780822,301.4347826,183.7608696,527.8695652,14.53405167,n
134.4959128,191.673913,88.19565217,322.4130435,24.40652861,n
130.3122066,194.037037,84.48148148,554.5925926,17.44959427,n
140.6165541,208.0,96.24324324,448.2702703,20.8566361,n
158.875,239.2,119.6,346.4,14.65605677,n
134.3337347,238.6360153,109.6206897,783.8467433,24.59846802,n
124.7395833,202.8,115.3333333,354.3333333,16.70715083,w
128.7553435,213.7804878,96.40853659,577.7378049,45.68290079,n
127.753155,207.5483871,92.39516129,531.1612903,29.96178628,n
112.6589404,199.4210526,90.42105263,433.6315789,34.69878298,n
134.236631,209.2978723,93.38297872,580.5319149,28.83596542,n
130.9561129,197.3,82.85,472.55,17.03958626,n
134.8220758,235.5789474,112.7894737,553.2105263,25.77584226,n
125.9181655,253.260521,117.1723447,775.1723447,7.016564099,n
136.557971,207.6538462,93.03846154,618.3076923,32.66415077,n
124.9606299,204.0,97.5,498.0,13.05696653,n
141.9107143,232.0,100.4285714,679.1428571,39.1788156,n
109.4031414,209.1666667,96.91666667,583.9166667,26.50733651,n
120.8193658,207.1801802,93.23423423,445.3063063,28.28407325,n
128.2554905,202.1395349,91.40697674,541.4302326,18.07633968,n
162.2232143,209.0,89.85714286,622.4285714,15.6999935,n
128.2031963,208.6,96.72727273,454.0727273,21.0979142,n
117.9375,214.0,102.0,541.0,18.40346435,n
134.0416667,230.6666667,112.0,760.6666667,27.90858092,n
156.4,251.1428571,114.8571429,621.4285714,17.80392069,n
131.0137255,197.375,85.25,383.375,35.51886603,n
114.5746606,243.9642857,128.3571429,466.3214286,19.61907651,n
111.4583333,297.0,164.0,351.0,8.178562764,n
122.239759,231.7307692,105.9038462,647.1153846,36.19520445,n
119.8685714,382.4545455,239.0,511.9090909,38.16428169,n
136.8553191,197.8,91.83333333,475.3666667,12.86424848,n
126.7597403,221.0344828,104.9655172,491.1724138,17.79170002,n
132.1578947,212.2131148,99.52459016,532.7868852,29.27612751,n
121.384,247.0,107.75,930.0,25.28092166,n
132.0211268,221.4444444,103.0,764.0,24.11751067,n
133.6803385,193.015544,82.12435233,325.0103627,21.84389224,n
122.8482143,243.0714286,122.5,539.1428571,28.80874655,n
125.4014085,226.6666667,117.4814815,416.3703704,46.06886359,n
133.1719078,237.9,119.5666667,505.0333333,19.85304343,n
150.859375,220.0,103.0,622.0,25.35713657,n
141.109375,164.625,68.0,242.5,6.75347133,w
123.2283951,470.7424242,447.9166667,749.6212121,31.11926833,n
130.0031032,216.9506173,103.3580247,414.7037037,14.14838515,n
133.5191919,240.6451613,112.8387097,537.9677419,27.5614723,n
122.1508772,307.7222222,200.0,360.0,36.22805849,n
106.9429348,252.4782609,114.0869565,792.2608696,14.37573044,n
113.0344403,212.2352941,96.43137255,543.4117647,34.52137729,n
131.4986652,203.8898305,90.80508475,468.2288136,42.64415537,n
119.8812525,238.0384615,109.8846154,596.8141026,20.014848,n
140.8178808,204.8947368,93.10526316,560.0526316,16.60374086,n
135.1188854,184.4466019,81.3592233,266.3883495,10.91920991,n
154.85625,222.3,102.3,654.1,21.6988479,n
116.23125,174.9,75.2,242.5,40.80306361,n
143.176,208.625,92.5,609.0,29.56956839,n
162.40625,609.0,599.0,778.0,80.04529967,n
112.7791667,207.2,90.36666667,560.0666667,34.24942822,n
113.5537634,234.3571429,103.5857143,723.4571429,30.28136424,n
137.8046875,219.0,101.75,522.25,14.67086824,n
126.4333932,236.7885714,116.0057143,565.3771429,41.13785525,n
111.2085714,210.8484848,91.31818182,562.8333333,29.88982294,n
123.6488372,187.0,77.0,277.5555556,31.13971348,n
138.0493421,211.4736842,92.57894737,560.3157895,29.20753897,n
129.9422096,176.625,74.1875,210.4553571,9.849792646,n
117.7257053,404.3,282.8,451.75,34.15698135,n
125.171928,559.048,365.968,439.272,15.39232155,n
135.7426471,226.7647059,104.7058824,754.6764706,20.04434962,n
108.2619926,199.3529412,89.35294118,504.7647059,23.15804359,n
130.6910828,237.1355932,112.2372881,786.4067797,23.91999256,n
131.5039578,199.4615385,88.3986014,389.7482517,24.94301197,n
142.9490291,200.5769231,86.96153846,431.0384615,19.28718648,n
115.55,213.125,93.79166667,561.125,42.94982538,n
127.5039063,258.0,147.0,491.75,44.8133281,n
125.98,212.3617021,96.17021277,615.6382979,33.31440688,n
133.1497585,218.9615385,96.88461538,668.2307692,20.42753102,n
135.9861878,245.7391304,124.2608696,384.9130435,24.5231267,n
141.5,227.8636364,102.9090909,664.4090909,25.83054282,n
125.5132212,271.8846154,154.9423077,405.4423077,30.61173635,n
133.2921811,330.0967742,242.483871,546.8064516,21.01315801,n
126.3693503,448.1685393,412.8988764,714.0449438,22.66755842,n
106.3557692,238.0769231,147.4615385,254.3846154,15.15755519,n
131.8654545,226.3801653,103.4793388,542.5619835,18.13448384,n
112.5728643,217.28,103.08,651.0,29.19051901,n
132.5920074,164.6829268,68.68292683,177.897561,8.123651767,n
116.921288,215.7142857,97.28571429,532.2285714,30.07465541,n
118.0435435,205.547619,93.16666667,625.6666667,36.93756607,n
129.3262705,248.75,114.7451923,730.5649038,7.177123008,n
124.8878964,220.9039146,100.3879004,577.8327402,35.43427182,n
135.9144144,212.5714286,97.71428571,677.8571429,27.05134951,n
149.359375,216.375,97.5,427.875,15.53021249,n
106.171875,281.125,208.125,372.75,23.94002924,n
129.4738676,204.2222222,82.66666667,449.4444444,29.3470086,n
146.4875,244.1,110.0,760.1,27.94637722,n
130.0873894,225.2982456,104.4736842,712.7719298,27.25158372,n
111.3664921,239.5,125.0,427.9166667,13.65243161,n
124.275,264.8,130.8,773.8,11.87602627,n
142.5081081,234.6857143,123.6857143,447.2285714,18.22368945,n
136.6340694,213.575,93.425,475.525,34.00790349,n
112.125,209.44,93.4,637.08,31.03943298,n
141.18716,200.2586207,90.29310345,367.4482759,21.07678054,n
123.3299195,201.2790698,89.81395349,374.0465116,26.16784447,n
119.5970149,212.0714286,95.76190476,587.9047619,37.18453858,n
104.3865546,222.0666667,100.6666667,687.5333333,19.88187337,n
130.4038109,180.6337209,77.04651163,270.4651163,11.85744803,n
133.3463687,226.4,107.2888889,458.4666667,27.37743506,n
122.1594203,195.15,128.825,323.975,28.94809741,w
123.2974288,189.8,80.58888889,397.2111111,35.03024443,n
148.2625,229.0,107.2,624.8,24.33433788,n
141.6572327,205.55,90.45,558.35,40.3931925,n
128.025,559.6,396.0,609.8,23.1741235,n
112.7365591,261.2571429,126.5428571,803.9142857,21.74839426,n
133.8465608,241.9879518,123.4216867,575.8433735,29.51140323,n
140.2957746,184.037037,75.92592593,291.962963,9.052658023,n
112.5347222,228.1111111,104.8888889,512.5555556,31.56298817,n
136.5545455,217.9285714,94.92857143,739.2142857,34.50502773,n
127.8954299,223.2839506,101.7530864,587.8765432,26.94704002,n
127.4767103,196.1046512,86.54651163,390.2209302,35.2278395,n
109.9278846,246.7692308,113.4230769,792.1153846,28.26703288,n
118.9508197,266.2173913,167.5217391,505.9130435,39.62236675,n
160.1521739,275.0,132.0,980.0,12.49888884,n
117.6900763,208.1707317,95.14634146,486.8292683,29.16748901,n
124.6110092,180.826087,93.43478261,242.6086957,9.803702433,w
125.6755319,216.3829787,99.17021277,644.0851064,24.31316358,n
120.9013699,212.826087,100.6086957,584.3478261,33.80819914,n
141.5763889,213.0,90.77777778,721.7777778,40.47221269,n
111.6927083,372.4166667,264.75,397.0833333,18.56276889,n
100.9375,250.0,120.0,800.0,17.45116643,n
118.1503198,241.8813559,118.8813559,728.2372881,36.67725335,n
117.1111111,284.5,156.7777778,505.7777778,16.44603971,n
120.285489,190.675,84.8,347.375,33.17981314,n
123.4170153,207.9333333,90.97777778,484.5777778,36.52994037,n
112.2230143,255.3870968,122.0967742,681.7258065,16.73199562,n
153.9930556,222.2222222,104.2222222,714.6666667,30.76072532,n
103.5972222,222.0,102.3333333,625.6666667,28.30783166,n
123.1666667,249.0833333,116.5,930.5,17.78790944,n
126.5110212,248.1637555,112.5349345,758.1943231,8.155691443,n
123.8579545,314.0909091,211.0909091,403.8181818,30.40283942,n
95.53125,197.1,87.7,565.1,18.05574701,n
126.7183771,202.556962,89.49367089,424.5063291,24.26050997,n
129.2979167,229.6666667,102.4,593.4,29.67707683,n
126.5089286,223.7857143,102.4285714,597.9285714,29.39917047,n
144.2830882,222.8235294,102.0588235,601.8235294,25.14841758,n
126.1952473,270.4795918,125.9387755,744.3265306,13.66283473,n
129.8398438,212.5,95.375,518.0,26.31769545,n
105.671875,229.1666667,104.8333333,791.0,21.29293049,n
116.8538153,224.2692308,96.65384615,744.8974359,24.09902115,n
123.0516055,254.3454545,149.6727273,384.7272727,56.17959984,n
129.1020408,228.8303571,105.9761905,672.5386905,30.66179531,n
129.5427204,240.5652174,113.8586957,632.2391304,23.40480659,n
145.0810277,208.28125,108.25,269.90625,20.06958111,n
132.5372017,242.1777778,121.7703704,533.5037037,26.43745524,n
104.7219731,227.7142857,102.1428571,708.2857143,17.92842914,n
142.1188341,249.8571429,143.25,418.9285714,15.18894603,n
126.9681904,263.5518395,151.8093645,426.0401338,27.34759193,n
126.4013776,231.15,105.53,704.05,31.89623802,n
142.1073298,207.625,91.54166667,510.8333333,17.50233119,n
117.226601,181.5882353,79.23529412,364.745098,24.43478716,n
96.38888889,836.7777778,675.1111111,877.8888889,51.10362264,n
128.7336207,214.7671233,107.4383562,233.8082192,26.40283653,n
139.7386364,219.0909091,98.22727273,612.5,27.84442464,n
124.9961644,202.3173913,96.89130435,454.6826087,26.00132467,n
125.9461062,403.8309859,201.2897384,355.8712274,8.645779962,n
133.2803347,225.4666667,102.0,725.2,15.78804048,n
126.6155351,214.7196262,101.9844237,559.2866044,32.80400044,n
138.0351967,211.7252747,98.69230769,407.2857143,27.34772532,n
141.2971204,196.3125,92.02083333,556.3541667,17.11814289,n
115.6081081,251.5,123.6785714,564.75,23.46020839,n
138.9967105,234.2631579,109.9473684,710.4736842,41.1854128,n
132.9679519,203.87251,91.65737052,398.0916335,25.81012101,n
153.0277778,225.7777778,103.4444444,699.1111111,13.98411798,n
124.5508982,244.5714286,115.0952381,656.1904762,39.11347524,n
127.933414,227.0384615,104.5384615,554.2307692,30.33498259,n
127.5540685,243.8205128,127.1538462,549.6837607,30.56530954,n
124.1982942,311.3728814,207.0,430.4576271,18.41620385,n
128.9613636,231.1428571,120.4285714,417.6428571,14.06775695,n
147.5486111,327.1666667,207.5,334.1666667,33.00921121,n
140.2172471,199.3421053,98.76315789,408.9736842,22.0378829,n
121.6149254,233.4235294,116.0470588,562.4352941,22.97334095,n
124.7676508,212.6122449,91.20408163,650.6122449,18.75589037,n
109.8041667,226.3333333,102.4666667,662.3333333,17.11451626,n
123.1897233,259.75,129.0,854.75,32.90178329,n
127.9453125,324.0,191.0,345.0,16.27450076,n
114.3885768,211.1044776,92.65671642,638.5074627,24.05890174,n
125.7271766,306.988764,196.4775281,418.494382,32.29896795,n
146.3920455,232.5454545,99.27272727,639.6363636,21.96014421,n
137.1074074,221.4117647,96.70588235,519.4705882,30.34872292,n
160.0625,237.6666667,107.0,771.3333333,18.66071334,n
119.0408618,206.0,93.22352941,421.3882353,18.53491982,n
130.3245192,302.3461538,221.5769231,365.5,21.08632581,n
123.3968668,244.1041667,107.6875,685.9583333,29.8275134,n
119.188946,212.2244898,102.4693878,566.5306122,22.85860054,n
131.6991979,212.8297872,96.0212766,512.5319149,31.43138711,n
145.7395833,215.3333333,98.66666667,559.3333333,17.56891194,n
119.1554745,257.4418605,118.9883721,914.4418605,29.90323316,n
116.3866279,201.5348837,94.65116279,456.1860465,42.58723113,n
122.7936508,263.25,125.0,862.25,25.00054687,n
88.40625,264.0,142.0,502.0,3.561951712,n
126.9288462,321.4848485,226.2424242,443.2121212,14.26690353,n
132.1858238,174.4646465,72.83838384,340.9090909,26.20705854,n
119.0,190.0,89.0,434.0,23.07562296,n
141.2089552,189.8235294,81.64705882,279.3529412,13.41099069,n
125.5416185,242.7706422,114.7798165,628.8440367,41.08204432,n
146.0454545,261.0,115.0,789.0,25.77813796,n
146.4464286,213.9285714,97.21428571,653.0714286,29.04043627,n
144.1977077,245.0,119.9545455,595.5909091,14.23656391,n
132.525,226.8,102.2,788.4,39.66134418,n
130.65625,262.0,118.0,793.0,32.49903845,n
114.5625,228.375,105.625,661.5,31.8745098,n
148.4375,233.7058824,100.2352941,694.4117647,27.02837161,n
135.1063931,244.2272727,114.905303,634.7007576,23.53908419,n
137.2830189,239.0,117.0,709.1,37.15763717,n
134.7278481,245.9,129.0,280.3,18.62927803,n
120.894958,212.4,94.0,535.1333333,14.8936974,n
123.3444444,208.2352941,92.35294118,474.7647059,39.02150946,n
142.8888889,235.1142857,113.3428571,728.2571429,24.09149227,n
138.0033003,204.5789474,89.26315789,541.3157895,25.48325179,n
137.458042,249.3333333,132.1111111,575.6111111,16.52429935,n
127.1800198,224.8350515,99.28865979,675.8865979,8.520005778,n
127.1979167,219.2222222,101.0,517.0,19.90362583,n
114.1861472,241.8965517,128.3793103,477.5862069,15.74824226,n
122.6654275,218.2677165,136.5866142,498.6338583,26.64967609,w
126.1931143,190.972973,82.52895753,440.6602317,37.65607394,n
125.8823529,260.1176471,148.8235294,357.4117647,24.56627221,n
139.8558559,217.8571429,90.85714286,569.8571429,31.9981664,n
134.2310705,211.7083333,96.14583333,556.875,30.2234445,n
107.6302521,204.0666667,94.53333333,413.2,16.30460058,n
133.257948,237.816092,114.1724138,682.862069,33.35827842,n
125.2984108,235.5825603,106.9777365,681.9128015,9.44109233,n
144.5339806,246.0,158.0,343.0,29.10580576,n
138.9857955,220.5,93.13636364,627.0909091,38.38635691,n
94.6796875,246.875,109.125,766.625,25.54897258,n
146.5178571,213.8571429,92.0,534.8571429,32.40811186,n
139.2340426,211.0,99.77777778,588.6666667,18.66732803,n
156.0892857,250.0,112.7142857,728.8571429,23.64533867,n
137.1084337,218.1153846,94.26923077,531.6923077,28.08640514,n
128.4166084,204.7511111,90.68,555.8555556,35.92876278,n
127.9153605,381.05,318.35,680.425,43.57877924,n
127.6560636,209.3492063,91.57142857,568.984127,31.43358145,n
122.9086538,220.6153846,96.23076923,596.6923077,23.36790901,n
114.9243615,240.203125,116.84375,602.171875,26.74036041,n
133.5235602,211.5,90.0,464.1944444,42.04945464,n
100.8828125,199.875,88.20833333,466.5833333,21.88888448,n
126.9815838,201.6470588,89.38235294,487.2352941,19.78788906,n
130.229798,192.52,88.2,367.48,13.0490766,n
128.0493671,192.3758389,83.63758389,315.2885906,23.8357233,n
132.5473684,215.25,103.25,662.5,16.59882024,n
135.9161074,251.7894737,143.5789474,515.1578947,13.46566373,n
135.4375,234.9473684,108.5263158,570.6842105,19.24171945,n
120.8625,688.4,533.4,706.4,45.00044444,n
144.2600897,240.4642857,135.0714286,381.8214286,18.58443912,n
117.7882448,215.8076923,96.73076923,620.0128205,29.16878268,n
145.2375,226.0,101.0,593.0,31.74523586,n
108.2395833,214.3333333,99.0,662.6666667,12.44208807,n
117.9685039,215.8055556,98.73611111,679.5972222,23.27263517,n
135.52,206.9268293,94.75609756,497.3902439,25.93592526,n
142.8495146,212.2307692,98.38461538,595.6923077,34.98757176,n
137.3057143,237.8636364,127.8636364,419.7727273,24.7691824,n
116.4235905,203.9176471,88.68235294,531.4470588,31.05805258,n
135.5,225.028169,106.2535211,551.5070423,33.19952247,n
137.6,259.75,128.125,692.5,20.3039405,n
121.5173611,230.5416667,103.0416667,768.125,28.70144518,n
121.3910926,304.7362637,199.3956044,435.0989011,24.20905808,n
98.69485294,254.6470588,113.3529412,843.3529412,23.9582971,n
144.0165563,220.4210526,102.5789474,491.9473684,16.16552194,n
133.4284116,190.5714286,87.375,586.0535714,21.82698082,n
133.195302,231.657754,120.7860963,452.0374332,29.64815649,n
132.8510949,208.5116279,99.30232558,497.4883721,37.14731756,n
134.5162162,191.5142857,80.97142857,387.6,24.11968457,n
122.4881075,222.4590164,99.60655738,650.4262295,27.4687871,n
120.5184382,262.3793103,120.1034483,914.7931034,38.86801962,n
124.6368821,203.1818182,89.93939394,460.1515152,16.371603,n
114.7695313,202.0625,88.6875,492.75,18.68561863,n
130.3715278,203.0,84.88888889,402.8333333,32.19467213,n
138.2560386,203.0769231,90.46153846,431.3076923,20.16529328,n
129.1520522,190.0149254,82.62686567,450.0597015,22.46211632,n
138.7614679,214.2195122,94.04878049,482.3414634,29.17146585,n
105.1534091,200.1818182,95.81818182,503.1818182,26.88789091,n
142.702381,221.1818182,93.0,538.3636364,11.57797853,n
129.0906298,233.2764228,117.7723577,528.6910569,34.51366502,n
128.123943,178.460076,74.34980989,270.243346,15.54335977,n
122.885,209.16,91.68,532.68,34.47141424,n
135.7748344,572.2105263,397.6315789,430.3157895,77.77579824,n
130.1939776,214.0222222,95.54444444,450.1,20.98507406,n
119.7309665,214.83125,100.85,535.84375,29.33020787,n
138.9210111,200.6554622,85.97478992,391.5630252,24.97725821,n
123.7762238,203.5555556,90.08080808,378.6161616,18.24182578,n
125.6677116,236.6,133.325,372.55,20.1474409,n
124.8466363,211.9045455,94.69090909,516.0909091,48.02140083,n
112.25,686.0,528.3333333,703.6666667,43.77467558,n
126.3534627,225.4580153,106.3053435,667.110687,34.28211469,n
107.1458333,243.0,111.1666667,683.75,18.84070652,n
117.4703704,227.0588235,111.8235294,467.7647059,22.6423983,n
127.9108352,223.8214286,102.0535714,520.8035714,31.72650485,n
118.5355731,224.0,104.78125,686.40625,19.54232186,n
122.945993,330.8888889,215.9166667,472.3055556,25.85147213,n
125.3344191,207.2413793,88.96551724,405.2931034,23.10474134,n
127.6522843,229.16,101.12,677.08,19.67113622,n
119.9776453,502.5714286,519.0119048,796.452381,41.84194934,n
126.6035928,257.0943396,118.2264151,808.2264151,20.94523194,n
110.8530864,243.7058824,117.4117647,546.9215686,17.23012928,n
93.203125,364.0,235.0,490.0,101.566173,n
128.5872396,245.4375,112.4791667,634.1041667,21.88820038,n
139.172956,194.7,80.4,388.9,22.9085137,n
117.6705202,239.5846154,112.3692308,803.4769231,26.72451615,n
108.7135417,223.8333333,104.0,760.0833333,33.49709772,n
121.8303694,221.3913043,98.73913043,705.8478261,24.04981637,n
123.9339286,222.4285714,98.11428571,540.6,27.27821887,n
133.7246835,206.85,88.05,436.85,30.91763251,n
127.3901193,252.1441441,125.3423423,698.7387387,24.79701213,n
115.1363636,242.9090909,113.6363636,652.5454545,22.55828081,n
144.4461078,229.6666667,112.0,729.4761905,29.93106214,n
104.0,240.0,107.0,713.0,12.7230713,n
112.6846758,205.734375,91.40625,419.6875,23.89852816,n
145.5208333,216.0,98.5,691.0,23.32142553,n
130.7117747,169.526738,69.40106952,187.684492,8.875740842,n
129.7844311,193.4285714,84.80952381,469.4285714,9.036082871,n
125.828125,228.25,102.0,388.5,28.7967012,n
138.6986301,199.1304348,87.47826087,458.9130435,8.872548518,n
125.6645022,238.6551724,121.7586207,527.5172414,18.81962696,n
141.5590551,201.0,86.0,467.5,27.80034847,n
121.0555556,237.9302326,105.8837209,702.7209302,23.17070473,n
134.4732143,195.7857143,85.35714286,526.2857143,26.2663943,n
118.8855981,202.7037037,90.71296296,402.4537037,25.50996168,n
131.1393728,321.2777778,251.2777778,581.0185185,56.12939746,n
140.8051576,242.9545455,145.5909091,341.0,21.93623366,n
105.872549,220.7692308,101.7692308,686.5384615,27.06293345,n
115.4125,199.4,88.8,364.0,9.152048951,n
125.1496063,233.5,120.5,852.0,29.8652573,n
126.7428161,220.1590909,100.6363636,528.8863636,17.73535655,n
113.1388013,196.6,84.1,383.55,19.72124489,n
140.0763889,222.3333333,86.77777778,505.1111111,23.8534621,n
116.9648438,222.6875,96.4375,498.6875,29.65471874,n
139.1954023,211.5454545,99.54545455,516.9090909,31.41300462,n
129.1242515,193.3809524,83.04761905,486.6190476,24.01355437,n
139.8412698,228.5,105.0,594.75,23.3475775,n
112.2359307,241.7241379,122.4482759,565.9310345,29.10426539,n
125.1655629,215.8421053,97.94736842,620.1052632,20.96190979,n
115.953125,374.0,264.0,492.0,49.58515403,n
123.8948897,245.2592593,119.0648148,798.2685185,38.72662798,n
121.890625,253.4029126,148.0582524,427.7815534,19.06160049,n
113.9711538,231.1153846,104.7692308,670.8846154,32.24334251,n
132.55655,220.1428571,99.7012987,679.6233766,27.59505872,n
136.4581545,187.1864407,78.94915254,325.2542373,15.82615263,n
130.6868327,217.1320755,100.7358491,535.2075472,14.51952688,n
132.3780952,223.7878788,100.6515152,602.1818182,59.90491586,n
140.8341176,184.4814815,75.87037037,316.7037037,11.61459573,n
112.1698113,199.5,89.25,539.45,16.28273626,n
133.3368421,215.9166667,97.25,690.8333333,18.1880608,n
140.2632576,233.6969697,105.1818182,717.0909091,33.2643087,n
110.9453125,223.75,104.75,595.25,18.81986982,n
98.41964286,210.2857143,97.57142857,628.0,17.77983265,n
133.2839397,180.4027778,75.01388889,270.4583333,14.02070779,n
170.296875,242.0,109.0,789.0,11.75531795,n
139.7701729,218.6551724,100.1954023,475.183908,25.09363098,n
140.6388889,248.2777778,117.8888889,662.1111111,42.36612903,n
133.1147287,221.3580247,99.41975309,717.0864198,18.60481948,n
116.785473,228.9189189,106.7297297,684.972973,26.36480599,n
122.1673004,237.2121212,129.8181818,410.5151515,21.6319493,n
128.7814371,194.4761905,89.33333333,336.952381,10.89300676,n
114.5026486,260.6759259,154.7685185,440.4259259,8.67453742,n
129.7361111,391.3111111,340.3777778,749.2444444,31.35646113,n
132.2232143,214.0,97.85714286,570.2857143,23.26686354,n
134.6144578,208.1416667,92.79166667,448.6,29.44840002,n
130.7259615,239.8461538,131.0769231,529.3846154,40.26333437,n
134.7035928,308.9047619,208.0,374.8095238,11.03303635,n
132.1025,329.36,239.64,437.6,21.22262943,n
140.3920455,204.0,96.0,583.0,21.8594307,n
131.1027569,206.16,90.08,497.12,35.32627351,n
156.5868056,250.0,117.5,811.7777778,9.249624617,n
122.2761506,237.6,115.5333333,528.6,36.22976063,n
134.8294798,258.7272727,133.5909091,602.2272727,14.79725237,n
123.4726302,278.2340426,134.0212766,736.4468085,20.66688084,n
125.9451697,227.7916667,113.5625,476.0416667,16.21165347,n
115.7456897,252.4137931,110.4482759,741.5172414,25.28251782,n
112.6386913,243.1704545,113.2159091,586.4659091,28.25349892,n
137.8979058,238.125,112.5,696.0416667,34.39830018,n
139.7648903,209.975,91.2,512.05,42.51937794,n
133.6641975,213.0980392,95.03921569,600.0,24.14307603,n
118.6697039,234.75,109.6071429,658.8928571,15.75870346,n
149.2252252,250.952381,148.952381,379.0952381,27.95388168,n
145.46875,219.2,105.8,695.8,15.18025033,n
133.2045455,229.6363636,107.6363636,690.7272727,30.59114548,n
140.5219436,218.0125,100.175,564.575,30.84319212,n
125.1780105,196.1458333,85.58333333,470.3958333,28.15907658,n
131.2693498,239.8852459,116.9016393,685.1393443,20.81369638,n
140.8506944,205.1388889,90.25,472.6111111,22.2345799,n
112.9937304,203.525,94.0,410.5,22.57707632,n
116.0435835,214.1538462,94.19230769,571.1923077,26.54116176,n
135.4643206,188.0,83.10769231,332.1384615,18.9091506,n
121.4179466,232.4487179,112.4102564,496.7307692,19.69018752,n
130.8595989,175.0,81.36363636,241.8636364,13.45945856,n
127.7631064,218.2056075,101.0529595,524.6137072,37.32384102,n
125.0417124,292.3103448,187.3448276,429.7413793,9.577644402,n
124.89349,245.2721893,118.7130178,642.2189349,35.45374597,n
129.8872017,211.9310345,95.44827586,587.2068966,30.40992234,n
87.91071429,233.4285714,108.4285714,681.0,11.51042119,n
138.95625,209.6,96.2,508.4,11.68588893,n
111.9965035,215.5,96.05555556,567.6111111,30.30793605,n
120.9511401,230.6653386,116.7051793,486.0,38.46983194,n
110.3070652,241.7826087,112.3913043,581.4782609,27.14011812,n
138.90625,222.0,98.0,668.0,52.0,n
132.6962248,322.4206897,202.6551724,271.6344828,9.695065369,n
120.6338346,216.5865672,101.1641791,583.7776119,36.54154741,n
92.3125,256.0,146.0,319.0,22.9486383,n
122.7794136,245.8104449,113.7427466,741.7098646,30.8921869,n
122.9113924,203.0,91.0,517.0,26.06990602,n
115.6722689,182.0,77.13333333,309.6,23.03871138,n
120.5212766,228.060241,110.3493976,482.6385542,22.22844222,n
104.0278592,265.5348837,121.2325581,829.1627907,14.90020889,n
124.1565975,401.5047619,311.7,422.5761905,17.73964135,n
90.625,287.6666667,154.6666667,485.0,80.43838221,n
124.1114286,222.4772727,96.77272727,495.9772727,18.40836138,n
139.0744186,244.6666667,115.2592593,752.7407407,25.36066319,n
126.5185185,218.7692308,96.84615385,607.3589744,24.21463308,n
152.9125,234.6,100.8,821.2,34.40116277,n
143.5380228,191.6363636,87.15151515,415.7272727,25.08545542,n
118.5245232,214.6304348,95.89130435,549.8913043,38.46015295,n
127.4375,488.5,321.5,544.25,32.80243893,n
117.0073529,210.9705882,90.02941176,538.5,31.77075106,n
123.3024283,207.754386,120.6666667,436.0877193,18.28445596,w
142.2291667,238.1666667,113.1666667,917.5,12.53550513,n
122.1411869,232.3370787,119.6741573,506.3988764,28.58915447,n
109.2483444,220.9473684,101.9210526,716.5,23.0337131,n
133.451087,247.4347826,120.173913,572.3478261,20.49740636,n
133.1058201,367.7083333,269.8333333,432.375,15.97198067,n
130.6167665,173.625,69.625,199.25,10.62642454,n
126.2493017,243.1888889,115.9333333,657.7666667,20.39729164,n
153.859375,206.0,91.0,549.0,13.11249404,n
123.2828639,193.1851852,88.7037037,464.1666667,38.58807822,n
127.326087,177.4197531,77.82716049,276.4444444,21.62024149,n
137.0387454,231.5882353,114.8627451,462.8137255,29.82282199,n
131.4057971,212.2891986,96.77700348,505.0069686,30.53665335,n
129.2125984,185.25,75.25,288.25,11.52426109,n
134.9245283,213.0588235,91.94117647,380.4117647,31.23822962,n
116.2427419,206.1282051,93.30769231,450.6282051,17.33183501,n
128.6960227,197.4090909,93.0,522.7727273,25.5110169,n
105.6448864,242.8181818,112.1818182,762.0,35.86199443,n
108.3945313,254.625,117.6875,895.0,27.95979256,n
117.6423611,221.7777778,107.3888889,653.3333333,32.95619989,n
132.9495798,201.4,89.6,455.3333333,26.98509877,n
117.0351759,224.52,97.4,577.32,23.50101274,n
126.890625,312.5,187.0,181.6666667,17.60898603,n
117.8829517,249.472973,123.5675676,595.3378378,25.6182751,n
168.8375,252.0,122.0,580.0,17.84376642,n
125.5538182,249.4456763,122.3059867,762.3658537,26.45527906,n
124.8690037,242.0588235,122.8529412,499.0294118,23.64407722,n
110.5147059,222.0588235,100.5882353,692.4705882,27.38157894,n
124.4656992,330.9894737,201.4736842,346.0736842,40.38227855,n
119.3423423,227.5714286,106.7142857,717.8571429,28.6049803,n
130.4954722,231.9793814,129.6597938,251.0103093,41.60714394,n
98.3015873,229.125,92.625,665.625,12.43922727,n
139.9821429,195.3571429,100.0714286,476.9285714,13.41355543,n
111.7539063,207.375,92.125,650.875,19.39676197,n
107.5397727,219.9090909,89.63636364,562.2727273,32.01239429,n
124.888014,232.2361111,107.1388889,721.3333333,21.60117863,n
136.4488189,204.4375,94.0,665.71875,23.84708774,n
122.3311258,314.4736842,253.7894737,737.8947368,30.33643303,n
135.4830723,277.6071429,161.2460317,198.2380952,14.82280651,n
97.81944444,244.1111111,118.3333333,882.3333333,14.30962725,n
157.875,190.0,89.0,441.5,10.29563014,n
130.0091842,213.0,97.07296137,507.9957082,32.62096892,n
147.4594595,230.7142857,108.4285714,504.4285714,6.966391623,n
137.9136126,201.8333333,90.33333333,462.1666667,23.07502107,n
154.9375,207.3333333,87.66666667,647.0,11.08176681,n
106.462963,181.5294118,74.88235294,271.7058824,13.07021231,n
137.1650485,205.7692308,91.96153846,375.0384615,25.82408055,n
131.7332521,264.8653846,155.5,404.1153846,28.23477099,n
137.4744318,262.6363636,122.8636364,920.5,11.52189794,n
151.70625,230.0,109.2,584.2,18.54292318,n
117.4930556,513.5555556,347.4444444,386.1111111,104.4392434,n
132.98659,234.969697,140.530303,345.8939394,10.63835991,n
109.1163793,215.3793103,101.7931034,559.3103448,27.6585259,n
143.3645833,196.6666667,85.33333333,388.0,20.17768294,n
124.0184758,170.9272727,69.07272727,217.8363636,13.33725287,n
132.2993039,203.4074074,90.0,495.4074074,36.94377146,n
143.3618421,220.8421053,99.63157895,674.0,30.22345221,n
118.8628571,206.5909091,93.90909091,538.0909091,21.68196112,n
130.1011396,292.4090909,181.9545455,434.4090909,17.03084222,n
113.5714286,316.0909091,255.4545455,464.8181818,64.52581327,n
107.0041667,212.2666667,96.0,683.3333333,17.18448913,n
127.7232143,329.0714286,230.7142857,415.2857143,16.55479461,n
147.1125,268.6,126.0,872.8,15.8492902,n
127.3701376,204.8238095,91.53809524,621.7761905,48.49793436,n
102.454955,216.4285714,97.42857143,445.7142857,11.29136387,n
146.7653061,243.6842105,147.9473684,252.4736842,12.80148883,n
120.5231959,238.0204082,111.1428571,580.4693878,20.44702423,n
155.8705357,214.2857143,96.35714286,582.0,21.07469708,n
129.1286765,213.3529412,94.64705882,592.6470588,26.5900572,n
135.4788087,212.2545455,92.12727273,478.2727273,30.45058862,n
135.225,217.0,94.75,636.0,22.55498836,n
145.8541667,216.3333333,93.66666667,366.6666667,11.30879697,n
107.9280303,234.1515152,117.3636364,630.6363636,20.11048454,n
140.7913043,208.7241379,91.13793103,391.4482759,18.47162557,n
116.0409357,416.3255814,341.6744186,453.4651163,12.26589321,n
114.5849923,229.3414634,104.0487805,683.3658537,27.29049229,n
133.9021583,191.2727273,89.43181818,149.3181818,9.307532718,n
118.3402329,238.4452055,114.2739726,762.4520548,19.11052804,n
165.725,222.0,106.0,608.0,11.28538878,n
133.6210191,217.5254237,103.7966102,602.3220339,26.2510475,n
135.140625,360.5,207.3333333,292.3333333,38.2676067,n
125.6201717,299.0338983,185.1016949,304.0508475,45.28264201,n
134.6913124,213.25,95.16176471,425.2205882,26.97268899,n
118.2352941,219.4117647,104.0588235,574.2941176,12.97055489,n
159.3203125,238.5,113.5,522.5,11.73602893,n
128.9492188,245.25,129.5,507.75,18.65967829,n
123.4402277,205.1818182,88.42424242,515.030303,26.20551677,n
132.7370892,298.875,191.65,756.225,32.78504804,n
131.458498,295.75,172.375,388.75,27.1431391,n
117.5590476,210.8787879,95.16666667,607.5151515,22.23148625,n
126.4444444,209.3333333,92.33333333,596.7777778,16.7582668,n
138.2068345,204.1142857,90.85714286,413.6857143,20.54172459,n
118.5783235,198.5675676,117.0675676,429.1351351,33.42097075,w
122.0626866,213.2857143,95.14285714,557.0,22.67906824,n
128.4167333,187.2236287,83.85232068,271.8185654,34.04354597,n
122.9344602,218.3021978,98.12637363,578.7912088,35.17247685,n
137.6983759,265.2222222,116.0740741,814.1481481,23.39251753,n
117.3351648,219.2608696,108.6086957,632.0434783,40.11283707,n
128.9399399,206.6190476,95.38095238,650.6666667,17.78837553,n
123.0347222,214.8888889,99.55555556,528.4444444,58.74699887,n
143.3742515,206.1904762,91.95238095,455.5238095,21.57957378,n
143.3509615,214.5,104.5769231,723.0384615,16.34090413,n
101.3005952,534.8095238,398.4285714,605.952381,27.31183824,n
128.4058524,216.56,98.98,306.18,22.94658144,n
120.8848168,259.3333333,138.3333333,425.3333333,15.25045537,n
126.2280285,231.4339623,118.9433962,392.5283019,17.20750579,n
165.84375,221.0,108.0,622.0,19.39555361,n
142.4912892,210.4444444,93.16666667,456.7777778,20.68226711,n
132.5742972,204.4468085,91.08510638,413.3191489,38.31096703,n
137.3229167,238.6666667,113.3333333,790.5,34.13413085,n
167.0,230.0,109.5,753.5,9.283722314,n
131.6567657,347.8947368,288.9736842,578.8684211,38.98068454,n
119.6355506,200.6517857,118.8214286,312.5178571,21.87177819,w
131.3267108,195.4035088,84.75438596,337.1929825,19.56163166,n
136.4936816,205.12,90.73333333,663.1333333,26.45447578,n
115.4672978,240.4794521,131.1917808,463.1780822,25.07605994,n
116.5981675,259.6458333,137.0208333,563.8125,20.57540333,n
135.9869452,199.0,82.25,423.3333333,22.8262991,n
138.7434555,194.8055556,84.04166667,470.625,27.8894941,n
125.46875,188.0,86.0,439.0,12.31614794,n
150.5405405,304.7857143,194.8571429,444.0714286,18.90861482,n
133.5342857,210.0454545,98.13636364,523.8636364,26.96922029,n
137.4375,223.0,94.0,583.0,15.2048512,n
137.5985577,231.4230769,111.6923077,586.7307692,37.2001026,n
128.7888889,199.1764706,89.55882353,350.4117647,18.32690461,n
99.56793478,196.2608696,85.08695652,336.2173913,20.07048073,n
137.7698864,242.6363636,119.4090909,917.2727273,11.13339478,n
100.7731092,326.5333333,250.6,399.2,12.86165706,n
148.6408451,233.2222222,106.1111111,733.7777778,22.71074146,n
133.230663,235.7582418,118.4945055,445.6813187,22.45452677,n
139.3999154,187.1275168,78.58389262,332.3691275,22.83681681,n
159.8671875,196.375,87.625,469.0,17.33313301,n
106.4074074,204.0588235,91.41176471,571.8823529,24.02665763,n
140.2850746,253.7142857,117.1904762,777.6666667,23.21452991,n
124.4695364,215.1526316,98.48421053,675.9157895,28.50654248,n
120.2963132,242.1304348,110.8405797,774.0797101,23.20591391,n
128.0634038,244.1052632,111.3508772,751.4912281,8.174610304,n
128.3419118,234.7764706,112.0705882,576.8,34.97607685,n
109.1761364,248.1818182,125.5454545,708.5454545,16.78990251,n
110.6811024,209.6875,89.5625,541.8125,32.56891731,n
129.4365672,223.0588235,109.2352941,467.4705882,29.28549365,n
133.5050847,214.0540541,95.89189189,559.2972973,16.47908562,n
133.4357367,268.1,148.75,463.5,22.54168361,n
133.0968447,228.880597,115.7661692,563.1542289,25.20846576,n
109.6388889,206.5555556,97.66666667,463.5555556,20.25942853,n
137.5666058,241.3333333,111.4927536,775.9565217,29.76387506,n
137.8478261,200.8461538,85.53846154,409.5384615,26.21350661,n
138.326087,237.5652174,106.4347826,620.9565217,20.24182721,n
133.7062706,467.4736842,341.3157895,508.2631579,61.43365676,n
101.7,227.0,105.0,697.0,38.58186102,n
120.1374346,346.4479167,248.2708333,441.3020833,15.87088475,n
136.3907285,184.4035088,79.71929825,356.8421053,15.52416478,n
126.7913066,237.0583333,112.7395833,664.3229167,38.49702708,n
107.4137931,219.8181818,100.0909091,732.6363636,10.28518954,n
141.7268293,187.8461538,80.34615385,415.4615385,17.51487111,n
113.8285714,269.4545455,123.0909091,782.4545455,11.94866776,n
119.5196078,222.6875,103.84375,653.03125,24.3438904,n
132.5157579,204.5952381,91.80952381,431.8253968,20.49491115,n
132.7789474,239.1666667,117.5,572.75,29.50561976,n
141.3713235,254.1470588,147.7352941,462.7058824,26.50104457,n
133.140678,228.2702703,103.6486486,632.7567568,31.10013517,n
118.28125,221.7142857,101.7142857,701.4285714,25.64514514,n
126.8442918,277.1450777,179.2694301,453.0673575,16.35006913,n
114.7693208,235.4814815,125.1296296,459.537037,20.30170244,n
134.9475891,226.7666667,102.2333333,625.4666667,24.0096277,n
134.2754237,200.5333333,95.56666667,220.2166667,25.69013537,n
117.1812866,211.8139535,91.58139535,529.5813953,31.68411558,n
126.8366337,206.9736842,94.65789474,560.7631579,38.66548956,n
115.7236364,202.1487603,91.92561983,475.3801653,28.35412775,n
137.6831198,228.6385542,113.1686747,443.5361446,34.98307089,n
127.206278,260.1785714,161.8571429,415.4642857,21.18128145,n
127.6575107,238.3287671,126.4383562,463.9452055,27.25776129,n
128.3212851,203.0638298,91.70212766,448.9361702,53.8942344,n
122.0250522,226.3666667,112.5666667,643.0333333,40.12198068,n
148.46875,222.1,105.3,550.2,34.2147629,n
140.4308176,195.85,86.65,524.4,11.24322018,n
126.6424825,196.3611111,87.33333333,394.1805556,33.93242877,n
113.50625,251.6,128.5,490.8,17.90781952,n
119.8541194,212.746988,97.48192771,575.0120482,32.47255505,n
121.6404199,204.0833333,93.16666667,415.6666667,24.52535536,n
132.1086957,206.0,97.0,399.0,0.471404521,n
129.0892857,235.1428571,106.5714286,595.0,13.18781132,n
116.0142045,214.0909091,93.18181818,666.4545455,28.68984904,n
139.2536534,219.8,117.3666667,328.3166667,28.89641942,n
129.0358306,229.5517241,114.4827586,375.0517241,37.05265479,n
102.5078125,212.25,100.0,618.25,22.74003903,n
118.9654255,235.1276596,110.2553191,574.1489362,31.67684269,n
71.71875,346.0,217.0,376.0,31.5,n
131.4418262,269.2235294,168.4941176,573.1764706,47.75895938,n
125.5173522,249.0641892,116.0608108,732.6418919,12.07929303,n
111.8095238,246.8275862,131.8965517,479.6896552,13.01860007,n
132.2235166,177.5,78.56896552,377.7586207,20.39755247,n
109.7785714,199.3333333,86.44444444,506.4444444,9.669858988,n
135.4935275,214.974359,101.2564103,457.0769231,24.41052575,n
128.2287051,333.877451,215.754902,323.9803922,20.70635351,n
125.855615,284.05,185.35,580.1333333,23.49997636,n
136.5526316,272.0588235,142.4705882,465.8235294,15.34651657,n
128.2198795,202.6190476,87.71428571,424.6666667,16.98832466,n
137.9895833,208.0,96.0,562.6666667,34.38376151,n
148.203125,229.75,137.5,314.5,15.47376813,n
135.3428571,247.2627737,121.5182482,485.9927007,29.12693581,n
121.4034091,230.3636364,104.6363636,760.2727273,25.80441374,n
110.9375,204.5,91.75,596.75,31.16889475,n
130.2315789,321.1666667,213.7916667,741.8333333,17.31564602,n
129.4368771,196.4210526,89.5,401.9736842,16.99252321,n
134.9217877,196.5777778,79.77777778,338.5333333,18.27882807,n
131.71875,219.5,96.25,653.25,30.85573511,n
109.3693467,215.4,95.96,637.28,33.61866148,n
129.0405076,238.9069767,117.1782946,643.4031008,24.39011504,n
120.2744186,247.1029412,117.0147059,823.9852941,27.25881972,n
117.9763547,322.265625,207.625,422.515625,28.03094952,n
110.5384615,221.1111111,97.55555556,538.2222222,31.24811105,n
135.4918794,204.6296296,84.85185185,483.3148148,28.55164022,n
121.5656192,221.9117647,94.97058824,465.2941176,21.74482399,n
105.365,211.36,95.8,620.32,20.35658125,n
146.2307692,214.1538462,99.15384615,509.1538462,20.54091025,n
136.3396226,223.9,102.55,691.0,34.48517798,n
144.2508961,219.2571429,107.7142857,348.4857143,15.83011854,n
158.03125,238.75,109.5,637.5,26.04203333,n
117.0018149,252.9428571,147.7142857,421.0857143,12.68732294,n
140.54375,225.95,101.9,724.3,19.57875124,n
133.9360614,210.2244898,89.3877551,428.5918367,32.62128556,n
120.3613445,238.0,109.9333333,671.6,50.15371926,n
134.6672794,225.4705882,100.2941176,654.4705882,29.77215961,n
132.9176398,187.5436893,80.86407767,231.2524272,17.21801344,n
129.1225962,215.7692308,94.84615385,657.5384615,17.44869911,n
134.0640366,183.4636364,95.59090909,236.6818182,18.0037301,w
121.5273109,269.2333333,144.0,428.5,26.53595046,n
140.2243736,193.8727273,84.52727273,462.3272727,29.36020807,n
129.2100656,252.3478261,114.226087,780.2173913,23.88581216,n
87.140625,417.0,256.5,369.5,28.44292531,n
119.7145576,231.8333333,153.5151515,591.0151515,25.38598722,w
132.4507722,215.0153846,98.07692308,579.5692308,26.23419332,n
150.9962963,218.1176471,99.70588235,735.6470588,25.29534881,n
127.0226469,232.4269663,111.7752809,560.4606742,20.08284194,n
122.7228916,189.4961832,79.50381679,446.0687023,33.5298355,n
103.8515625,224.0833333,100.9166667,650.375,20.13698746,n
117.1993103,215.010989,95.26373626,676.5054945,24.55937505,n
122.156406,245.1504425,123.6106195,552.6637168,21.00196337,n
135.5729167,202.0416667,84.29166667,338.75,26.42862505,n
141.286,250.8125,140.59375,395.75,17.47942429,n
100.3607595,230.2,105.8,821.6,17.05901521,n
134.7378917,348.8181818,238.1590909,348.9772727,41.15523801,n
138.4754768,200.4130435,93.36956522,403.673913,13.37133251,n
114.3866171,236.4117647,114.3529412,794.9705882,23.37510061,n
137.1660517,217.1176471,97.32352941,456.7058824,24.36835261,n
126.828125,232.75,101.25,636.75,19.70247446,n
131.1271605,232.7843137,144.5882353,563.8431373,11.94856335,w
127.214311,202.5367232,92.25988701,592.7740113,49.22383686,n
113.6278481,240.08,110.24,678.64,22.01039754,n
141.665272,201.3333333,90.13333333,518.85,25.86430402,n
127.1591928,206.3928571,92.83333333,356.6666667,20.12283706,n
117.5552347,212.8850575,93.3908046,623.3678161,20.16439242,n
130.4820183,248.6239316,127.0769231,554.1538462,41.11666363,n
120.4269802,229.4901961,101.4117647,761.8431373,16.92819038,n
133.6901141,214.4545455,95.48484848,415.3333333,11.88535687,n
124.4567449,246.0,136.5057471,591.7241379,32.54544472,n
116.0710456,206.212766,89.34042553,560.7234043,28.63154737,n
149.7936508,189.5,80.5,407.0,16.41978608,n
141.2041667,220.0,101.6,643.6666667,37.41799923,n
126.4123373,444.827451,229.2078431,378.8196078,7.115902125,n
130.2795699,190.0285714,82.28571429,445.9714286,20.05413083,n
131.0538117,244.4285714,117.8571429,767.7857143,13.03527397,n
131.6914286,206.9545455,94.54545455,612.5454545,18.71408406,n
136.5179641,271.5714286,176.3333333,392.6190476,17.00953447,n
125.0682788,229.4180791,105.7231638,698.7853107,36.43265536,n
141.1953125,229.0,109.5,708.5,15.5241747,n
127.2714138,267.2622951,126.0819672,905.6065574,16.58055511,n
128.5836492,244.5847458,115.0,705.7711864,12.76059586,n
138.1826923,243.1282051,111.6666667,790.7692308,26.40960915,n
129.8996687,217.5338346,96.86466165,572.5639098,44.23593715,n
126.5002884,208.1605505,92.5412844,371.5825688,31.42989689,n
132.7086093,219.0890688,101.6761134,476.2105263,22.63552869,n
117.4261364,246.8181818,162.8181818,327.8181818,29.014388,n
103.1796875,215.25,98.25,566.25,28.31270695,n
105.0555556,203.5555556,89.11111111,413.8888889,49.11664122,n
131.0958333,264.9666667,127.2,844.9666667,19.01402991,n
135.7638191,225.4736842,100.2105263,726.8421053,26.49240732,n
113.5770235,202.8333333,84.85416667,490.125,28.71190108,n
122.1910615,206.4107143,95.125,507.3035714,23.19443519,n
122.6180344,255.016129,115.516129,809.6774194,19.29399037,n
131.3107769,244.44,110.72,522.64,41.06276172,n
113.9437229,193.3448276,86.48275862,596.3103448,17.27947515,n
129.3652038,709.45,540.0,597.65,31.79574461,n
133.3509174,184.2363636,76.34545455,283.2909091,19.75188243,n
116.3544423,252.1641791,113.4328358,879.0149254,20.56685007,n
137.6989247,262.0,154.8285714,445.6285714,18.2458494,n
117.1875,197.6923077,87.46153846,510.5384615,21.85563175,n
133.1731785,187.8833333,81.95,400.95,19.77074157,n
119.8112245,265.6122449,150.122449,440.9183673,32.38763294,n
111.9958159,229.4,100.8,632.0666667,18.58553799,n
118.5299003,252.7631579,121.7894737,626.0,18.5201283,n
136.7595628,195.6956522,89.52173913,511.2608696,15.83325208,n
132.1212775,202.0205479,90.85616438,391.109589,24.95287734,n
105.5988024,218.2857143,97.52380952,611.1904762,28.12653624,n
134.5217391,238.1153846,119.5769231,595.0384615,40.14679057,n
147.5974026,229.6,110.6,575.2,22.26229997,n
112.7740864,211.6315789,97.15789474,569.8947368,30.30601085,n
132.5569519,240.6857143,123.1587302,496.4063492,34.60139445,n
115.0791667,216.9666667,93.93333333,519.1666667,29.32130435,n
115.6405308,212.8846154,99.84615385,668.125,32.91363429,n
111.0695364,225.1578947,103.0,618.8421053,36.92306893,n
145.5528169,211.0,95.11111111,425.6666667,9.212344107,n
136.2552083,244.75,110.5833333,697.9166667,40.63542364,n
128.8198362,188.6376812,83.50724638,387.3043478,23.7962188,n
145.5352113,202.0,90.0,325.0,18.80766852,n
150.6625,241.2,104.0,752.5,29.22755549,n
115.8883792,208.2439024,92.73170732,531.4390244,35.46747385,n
119.8019324,229.5384615,104.3846154,655.0769231,36.68426375,n
130.1835564,199.0060606,88.12121212,404.1090909,36.67955496,n
124.7972028,232.3333333,122.6666667,268.6666667,14.02731022,n
119.3774704,220.40625,101.9375,545.125,19.11884603,n
134.0288066,235.3278689,109.7868852,720.295082,30.93946027,n
115.4551887,237.037037,106.2962963,527.2222222,13.66631536,n
125.1666667,247.5,113.25,797.0,21.82852205,n
120.1976987,240.3333333,125.3333333,654.5,52.97750833,n
148.625,221.0,98.14285714,663.2857143,30.34764557,n
115.7617978,228.6357143,107.5785714,623.7928571,37.00718077,n
107.9545455,188.3636364,79.45454545,318.3636364,26.99862255,n
123.2463823,193.6727273,83.99393939,361.4363636,25.53989731,n
152.7386364,234.6363636,119.2727273,505.0909091,13.37630815,n
133.2128655,176.1481481,71.40740741,237.6666667,10.48926553,n
135.0477387,237.68,105.48,693.96,32.506344,n
120.802521,235.8666667,119.8666667,269.4,16.71512954,n
119.1734919,274.6363636,155.2307692,519.3146853,30.01594112,n
114.34375,292.1666667,164.1666667,640.8333333,53.04943973,n
134.6780962,196.3821138,83.64227642,341.7804878,22.78847721,n
122.2379778,236.0784314,120.1764706,403.1176471,15.61417253,n
110.2152778,220.1666667,105.5,671.6666667,18.26823459,n
120.015625,857.5,710.5,928.0,28.04460732,n
129.8431983,223.7704918,102.6065574,647.3442623,23.78721854,n
139.5643836,227.3478261,103.3695652,602.6086957,33.8378207,n
113.5214844,227.09375,100.09375,640.71875,28.77388614,n
122.2114073,244.4901961,153.6176471,351.8431373,16.11036105,n
119.0275607,523.716129,305.4451613,443.5290323,15.30405807,n
117.973916,233.4408602,106.0107527,695.1451613,20.77560159,n
137.8674419,210.3333333,91.92592593,474.7037037,24.20375329,n
129.6757813,247.75,133.0,566.75,16.58583262,n
152.0763889,219.0,99.11111111,653.7777778,21.11052631,n
138.6923077,204.4444444,89.40740741,509.7407407,17.18582374,n
134.9737903,257.7096774,164.1935484,313.2580645,37.74626388,n
125.2925824,196.7391304,88.06521739,461.3043478,24.97912172,n
134.9087003,212.3333333,95.8974359,450.7606838,25.45685138,n
123.0179362,225.6725352,106.8169014,579.6408451,30.83529332,n
97.98181818,199.7142857,85.14285714,364.2857143,21.40570208,n
112.45,246.2,114.0,699.6,25.8951733,n
118.454219,189.2571429,80.45714286,289.0571429,51.72970567,n
102.6135266,242.2307692,123.0,634.3076923,14.8040455,n
90.7125,201.2,96.4,512.0,13.09350984,n
133.8467742,178.1269841,71.28571429,263.1111111,11.39439334,n
122.3333333,215.8666667,103.2,559.4666667,23.94122433,n
111.109375,226.0,100.0,717.0,9.287087811,n
114.5094044,206.975,89.875,446.9,32.65745512,n
115.3789474,819.9166667,639.25,841.0,46.06057304,n
127.2595061,240.25,118.51875,515.04375,30.83897126,n
144.9213198,197.8,85.92,353.96,14.99631955,n
109.2261905,321.4375,232.90625,449.8125,10.57409681,n
101.7291667,209.8333333,96.33333333,537.8333333,18.57623183,n
127.4831933,242.4,110.2666667,785.1333333,25.69011916,n
123.7,233.7375,109.8375,717.825,9.276575001,n
129.1302083,221.9444444,99.94444444,651.6111111,22.77235708,n
125.0007461,244.5234375,113.40625,728.4375,12.29582704,n
133.9696262,216.6481481,104.5925926,323.7407407,24.61484519,n
136.2183099,199.1111111,88.44444444,483.2222222,37.04651731,n
125.4336199,289.3432836,181.2238806,361.0895522,12.03990173,n
125.4041958,246.0333333,112.3666667,865.3,21.01436604,n
131.8852041,193.2040816,84.16326531,289.8571429,23.96801284,n
123.7088773,223.8541667,108.2916667,521.9583333,27.17707335,n
114.6402091,242.9811321,116.8339623,710.709434,30.23764755,n
131.5479705,226.7941176,115.5294118,323.3823529,23.50905369,n
119.9556034,212.1780822,98.80821918,603.4246575,25.34947423,n
131.0208955,231.2619048,108.1428571,606.7619048,26.08486281,n
132.2571528,192.7252747,92.63186813,155.9450549,13.24091466,n
108.6711712,208.5714286,96.5,438.4285714,19.9315154,n
131.6028422,203.3214286,95.46428571,435.6904762,24.32959097,n
135.3033708,206.1428571,87.14285714,402.1428571,24.64099372,n
143.1273148,241.7777778,112.1111111,620.1851852,31.65793685,n
127.8081761,245.35,141.65,516.15,42.70795447,n
130.4734918,289.0434783,169.5942029,491.4202899,16.23967204,n
136.0121457,212.8387097,90.80645161,584.4516129,29.74501419,n
113.7363636,202.0,91.14285714,414.4285714,5.890150894,n
127.8051546,235.1639344,107.6885246,729.295082,34.2625853,n
133.2382022,194.0357143,83.21428571,554.0714286,19.81148399,n
123.9761905,333.6190476,212.1428571,436.3333333,21.42888889,n
114.5357143,213.3333333,97.61904762,563.7619048,15.45383,n
124.2941176,204.3529412,91.88235294,544.7647059,24.36742962,n
129.5285714,262.8181818,147.6363636,722.7272727,23.84752703,n
128.1002445,200.2727273,85.68831169,358.9480519,21.81692173,n
0.0,450.0,279.0,592.0,0.0,n
123.5266272,203.34375,90.984375,419.28125,20.88472827,n
133.8942436,199.9361702,85.72340426,392.5531915,22.59129659,n
124.5742188,207.9375,92.1875,421.1875,15.48739407,n
134.298913,214.1304348,95.95652174,629.5652174,31.05815023,n
113.8481308,249.0,116.1851852,672.962963,25.47722833,n
132.1189358,201.875,90.825,385.175,23.07157342,n
125.3701657,298.4875,180.4375,557.0375,24.80059223,n
128.9598071,200.974359,86.17948718,369.4615385,23.2272879,n
137.9537037,238.5,148.2857143,391.9285714,12.43616353,n
144.3397436,174.4,77.65,302.1,10.06727371,n
109.0334821,259.8928571,122.9285714,874.5357143,24.5386773,n
131.9479927,228.2753623,111.3913043,544.942029,23.77467213,n
126.6766667,202.7368421,89.31578947,495.0,22.79901344,n
121.925,205.5333333,92.2,426.6,24.55144259,n
134.9479889,268.3406593,131.3296703,747.2307692,23.187209,n
126.5950311,265.5686275,160.0784314,511.1176471,37.90330481,n
129.6544732,175.4968553,71.65408805,273.6792453,14.63809963,n
136.4769231,233.3414634,114.8292683,430.5365854,14.70317055,n
133.0538117,216.2857143,102.5714286,537.1428571,20.77982243,n
114.4748915,223.955665,103.6748768,614.635468,27.43327684,n
120.9509063,198.0240964,83.1686747,419.9036145,42.24430395,n
120.962963,219.5555556,102.3703704,611.037037,18.72331205,n
135.0804598,213.3636364,92.45454545,540.0,22.1486339,n
132.2508052,185.9299363,77.76433121,285.2738854,20.93173114,n
129.3821984,234.1996672,107.1530782,655.5923461,26.57222538,n
116.8022923,171.0454545,79.27272727,334.1363636,37.85018314,n
76.34782609,213.3333333,92.33333333,467.3333333,15.08494467,n
143.3828452,220.4666667,100.9,685.9,19.69176365,n
117.0018149,252.9428571,147.7142857,421.0857143,12.68732294,n
145.1022727,202.0,92.63636364,514.7272727,28.34323275,n
147.375,216.7272727,100.7272727,640.0909091,26.69045083,n
126.1369119,264.8076923,141.4615385,544.1538462,20.70985101,n
117.3684211,268.3333333,129.5,950.6666667,6.328945849,n
134.732746,181.0930233,78.25581395,281.627907,19.5388977,n
109.5,227.0952381,99.61904762,704.3809524,28.24150786,n
136.8918478,236.6206897,115.5258621,608.5603448,23.47495155,n
120.625,438.0,268.0,461.0,31.61392098,n
116.5752089,254.6,122.6444444,738.5555556,29.25930052,n
135.8468028,265.4859155,125.2605634,885.0211268,18.14133851,n
133.444,279.0,169.5,392.0,8.63495802,n
117.7539683,402.6507937,327.8412698,764.2380952,42.53221327,n
119.6262058,210.6025641,96.97435897,511.0641026,35.0815524,n
119.64753,228.3829787,119.8297872,440.8723404,21.95509636,n
129.2154294,291.9767442,160.0465116,462.7906977,31.72038464,n
126.3517964,248.2619048,119.952381,602.2619048,22.95870294,n
113.8680556,217.7777778,92.44444444,623.7777778,53.86196349,n
121.8147448,253.7425743,119.1683168,698.980198,15.89847458,n
128.4649299,179.0634921,77.52380952,336.2222222,16.29649385,n
130.1519757,186.9227053,82.08695652,282.5410628,18.71777143,n
116.515625,222.0,96.0,546.25,39.25521904,n
125.9774775,210.2142857,88.14285714,558.6428571,29.89616384,n
113.4602026,418.0681818,334.5,437.6136364,12.21924373,n
126.7226361,196.5818182,87.86363636,386.2909091,33.06006148,n
132.6293303,198.4909091,81.96363636,252.2909091,13.44857361,n
117.6392915,215.5641026,131.2051282,504.0769231,22.19422958,w
122.0931135,229.1923077,109.9846154,557.0307692,20.23180606,n
116.4296875,226.125,106.0,640.725,27.10303258,n
116.2220339,226.0,105.2567568,763.7972973,19.83859267,n
127.136036,178.9428571,75.8,239.7428571,22.06090364,n
101.0933333,239.5789474,117.8421053,584.5263158,13.49853793,n
123.6722222,235.1764706,102.8235294,626.6470588,18.90963761,n
135.1243358,251.9663866,133.487395,441.0672269,22.36496802,n
134.8614719,207.7586207,90.34482759,533.8965517,36.45749076,n
117.1145833,235.5,109.0,663.75,19.03560261,n
125.6742857,228.7272727,96.90909091,598.1818182,38.83991833,n
121.2458588,489.4444444,483.6944444,842.6111111,45.39762385,n
141.0,192.5,86.67647059,401.7647059,20.61764706,n
143.6886792,205.95,91.5,542.85,11.30265456,n
116.3907767,200.8461538,91.38461538,357.4230769,19.2589025,n
132.2729358,285.6909091,174.9818182,381.3818182,24.04455919,n
122.9495968,943.4516129,736.9354839,778.3870968,16.66440498,n
121.3541667,327.4166667,238.25,330.5,100.2171254,n
117.3192982,257.0277778,121.7777778,756.3611111,18.72527176,n
144.8375,217.6666667,98.26666667,546.4666667,23.92488244,n
122.4010417,195.5,88.08333333,223.4166667,18.99616189,n
146.7896175,238.0,108.3913043,680.6956522,29.44078675,n
130.2065015,242.0788177,121.1133005,609.0344828,32.83036848,n
117.5606695,206.5333333,91.6,486.6666667,22.22970985,n
124.5970149,349.5,223.0714286,421.952381,70.28323408,n
132.1870968,282.2564103,174.6923077,419.6666667,29.88736251,n
133.4840547,224.0909091,110.1636364,446.2363636,29.03475262,n
92.1875,232.5,103.5,510.0,22.65256915,n
147.3206522,234.6086957,107.6521739,768.6521739,28.57623373,n
174.3263889,263.8888889,154.8888889,316.5555556,8.061492065,n
130.511811,205.0,86.0,641.0,10.68804823,n
127.8425656,210.255814,86.97674419,473.5348837,41.47374338,n
138.1125265,194.9666667,83.36666667,358.7333333,14.90547998,n
119.0609982,287.6764706,140.1470588,872.9411765,16.50469158,n
121.6573913,202.375,90.69444444,558.0277778,30.37171971,n
120.2755776,381.5263158,275.6578947,462.8421053,24.7783666,n
117.6945876,197.9387755,88.02040816,604.8571429,17.20920107,n
129.8095515,215.7222222,113.4027778,296.2175926,41.77596672,n
133.1147132,171.6710526,70.5,218.2894737,13.56340272,n
144.1184211,226.9473684,100.4736842,647.5789474,19.21506796,n
157.0723684,204.2105263,87.26315789,578.7368421,10.43911247,n
134.9350649,246.0,131.1413043,556.7608696,29.28034714,n
133.4361055,212.8709677,95.58064516,644.8064516,35.84273082,n
145.6153846,243.6153846,115.9230769,816.4615385,29.4604338,n
115.8052764,237.04,112.88,627.32,23.55919353,n
132.023224,231.4347826,101.1304348,765.0217391,25.32503263,n
148.046875,196.75,94.125,481.0,18.38976872,n
111.3308824,197.0,84.0,392.1176471,22.98321939,n
125.3180516,182.8636364,76.68181818,449.7272727,14.31702737,n
88.3125,344.6666667,256.0,359.3333333,73.07986499,n
147.8465909,260.6818182,152.7272727,479.5454545,24.99008068,n
128.9405188,242.212766,113.964539,653.5886525,18.652698,n
118.9168502,204.3070175,89.20175439,509.0087719,25.23995035,n
121.5401687,267.2394366,162.0915493,339.584507,27.97525616,n
132.4376757,218.0298507,105.6268657,439.0,16.4323139,n
113.122807,259.8333333,157.5555556,366.1111111,16.62624728,n
116.0437063,212.7777778,95.75,515.6666667,19.1577878,n
141.3045977,213.1818182,104.7272727,341.3636364,13.56100389,n
112.0659722,201.9444444,91.22222222,501.7222222,17.53488586,n
89.47321429,204.8571429,82.57142857,453.1428571,10.99907232,n
128.5648749,203.4649446,89.99261993,604.3763838,37.25016677,n
118.3894472,255.88,144.52,536.8,21.54266464,n
97.99107143,221.5714286,106.8571429,589.4285714,34.5613917,n
107.5520833,237.0,111.0,632.5,19.95550606,n
124.1597222,227.1111111,118.2222222,418.7777778,50.43529653,n
143.6415771,206.8,92.17142857,528.9428571,25.76487088,n
131.7291667,219.6190476,95.95238095,686.9047619,35.15763014,n
106.2894737,197.5,86.5,541.5,27.57854943,n
131.7710623,200.4637681,100.3043478,240.1014493,16.00761214,n
99.5625,249.8,113.5,765.8,21.74879307,n
123.5461957,314.826087,205.2608696,336.7391304,25.10958967,n
137.1272727,208.2884615,92.90384615,476.5192308,21.43553705,n
139.8318966,207.6206897,94.24137931,465.9655172,23.98181039,n
134.3484456,216.0927835,101.8247423,473.2061856,20.15153561,n
138.9137931,219.3181818,98.90909091,496.0227273,18.05322423,n
146.5893417,182.9,77.9,343.5,12.16511406,n
130.6528804,175.627907,71.81395349,231.9069767,16.35910558,n
130.032641,299.3691275,182.4966443,513.7718121,23.46929486,n
134.6957164,202.5176471,92.48235294,509.1529412,26.12118683,n
138.8068182,202.0,86.54545455,447.0,27.21588774,n
121.2916667,221.3333333,96.33333333,520.3333333,31.9283051,n
131.5273438,248.8125,122.875,796.6875,23.8916009,n
122.1675676,223.4666667,103.3809524,641.8428571,24.73227348,n
135.6609687,215.6363636,91.0,572.4545455,40.39310963,n
141.1241218,218.5555556,98.88888889,670.1111111,18.5071076,n
116.9403974,201.1578947,88.31578947,639.0526316,13.9050998,n
112.9210245,255.4745763,144.440678,506.1016949,21.55352496,n
138.2338235,214.4186047,97.44186047,730.8139535,26.14274167,n
118.5231884,200.5862069,85.03448276,392.091954,28.96049947,n
146.2395833,211.6666667,96.5,582.5833333,14.87634214,n
133.7202442,208.016129,93.45967742,449.2580645,17.9772138,n
141.4055556,213.6323529,99.97058824,451.2352941,22.17658761,n
124.5252632,218.0333333,94.16666667,652.5166667,23.04285862,n
137.6881119,204.2222222,89.53333333,388.7777778,22.01555006,n
132.6392157,222.78125,94.59375,671.96875,30.1016507,n
114.6319444,214.6666667,89.0,537.0,26.8374163,n
134.2971491,182.8421053,76.56140351,336.877193,24.58861901,n
127.8754153,240.5263158,114.3421053,617.1578947,25.49813963,n
123.3888136,433.0967742,403.672043,686.3548387,24.61873689,n
134.5829556,264.5714286,151.4857143,418.4428571,22.97720698,n
133.59375,227.0,107.0,533.0,25.76061674,n
130.5932203,200.1351351,96.16216216,307.0,24.56564973,n
126.895202,185.24,81.24,269.2,24.29012145,n
125.4352403,206.3941606,93.05839416,512.270073,33.46606037,n
117.7261307,209.24,91.24,486.48,25.28791015,n
123.4800111,248.4475983,140.4039301,424.6222707,15.02006375,n
109.9495968,216.3548387,99.09677419,614.0322581,23.61158114,n
152.5361635,243.675,109.125,686.375,19.73702105,n
116.2744186,227.2222222,97.7037037,595.6666667,22.3653416,n
121.0368421,215.9583333,101.25,617.625,23.55888014,n
135.3773006,192.3902439,77.73170732,428.4146341,26.73606872,n
143.2410714,186.7142857,82.85714286,467.5714286,27.10222523,n
115.4557292,214.9166667,99.0,599.875,23.34166518,n
117.9669291,197.65,82.925,308.025,18.6128316,n
125.4453925,482.8918919,278.6756757,425.4594595,18.62081746,n
140.984252,186.5,86.5,476.0,23.00509454,n
111.6363636,249.4137931,137.5862069,601.862069,26.90260763,n
131.5508021,185.0,76.16666667,217.0,11.70008235,n
126.6457219,325.4042553,222.2765957,630.3829787,37.16909838,n
126.1688654,221.0833333,106.5416667,507.0,13.88919444,n
122.514881,254.3333333,120.0,885.4285714,35.03532393,n
137.5380435,213.0,109.2173913,459.3913043,32.84873966,n
120.5962358,242.9069111,116.1636107,635.7150917,28.08773835,n
146.9166667,251.3333333,113.2,770.9333333,31.87726463,n
124.0348028,221.8536585,96.46341463,491.902439,25.95335414,n
147.6011561,232.8181818,117.5454545,467.0,29.05878909,n
128.2217529,255.6115702,117.4077135,762.0,7.970711513,n
126.6529492,262.0869565,119.2608696,819.7173913,12.40649336,n
132.7910321,203.12,87.58666667,333.3866667,21.67538286,n
132.9134024,237.472067,114.5195531,543.0810056,21.81468749,n
127.3031826,252.397351,118.1523179,653.6754967,18.25216985,n
119.20625,259.7,120.4,861.8,36.230512,n
125.7804348,234.1724138,115.2068966,451.1034483,27.72490992,n
115.6522248,233.537037,110.0740741,733.2407407,23.13713071,n
142.7697368,234.3157895,97.73684211,569.8421053,31.86658476,n
131.5759577,231.8210526,103.2842105,634.4,36.0698092,n
133.0833333,243.8095238,113.8095238,669.3333333,22.67436844,n
130.186255,212.5555556,95.33333333,523.2063492,41.23623174,n
126.3490196,222.0,106.0,559.0625,47.07507302,n
121.732762,216.1490683,99.72670807,569.8509317,45.82816376,n
123.6175743,246.2745098,113.6666667,774.4509804,20.30039687,n
123.5503145,223.8,99.2,649.25,14.52540877,n
135.5486842,223.4583333,107.4791667,236.4791667,20.98941532,n
139.3247664,213.7407407,96.74074074,565.9259259,20.42390272,n
119.3538798,228.3854167,107.6597222,605.0486111,30.80197804,n
120.3583227,201.5757576,92.48484848,337.5656566,23.80152089,n
114.0383562,232.2173913,108.6304348,704.326087,14.00035444,n
132.8467875,234.3684211,109.5263158,743.1578947,29.1537737,n
110.6022727,185.1818182,80.27272727,361.2727273,49.78764824,n
133.1409991,254.495283,124.2169811,558.5566038,36.7842985,n
124.7850799,204.2676056,91.25352113,523.9295775,35.92514645,n
138.9651972,206.5925926,89.33333333,468.1851852,18.40558155,n
132.3443038,226.4848485,99.83838384,692.4343434,30.19106588,n
147.9261364,200.1818182,95.63636364,420.8181818,21.05011729,n
123.7192586,275.1785714,163.6285714,462.05,14.97957793,n
135.129199,207.5068493,95.87671233,414.369863,17.4990979,n
120.4703947,254.0526316,116.7368421,766.2631579,33.12387561,n
120.770235,492.5833333,329.1666667,435.625,48.34661725,n
120.6934524,216.047619,96.97619048,336.6190476,37.6804878,n
140.8571429,175.75,79.91666667,293.0,6.015604708,n
107.5666667,197.0,86.11764706,441.7058824,31.65416496,n
128.3293651,250.375,121.375,914.125,20.65052871,n
119.9153272,250.7061503,139.6150342,475.7927107,27.98991662,n
119.0315315,193.7142857,59.14285714,474.2857143,31.28253408,n
137.6092896,220.7826087,102.1304348,549.2608696,26.43006251,n
116.245283,201.275,87.1,407.275,17.42491033,n
125.6642582,314.5496183,198.6030534,265.6030534,16.13709764,n
116.3967684,229.2571429,105.4,518.6571429,21.95550231,n
133.1965241,219.0425532,103.4468085,461.1276596,12.87028294,n
125.4173387,205.3870968,94.0,508.9354839,28.92017792,n
123.868932,220.7692308,108.3076923,788.3846154,14.95872032,n
127.4644316,296.97114,215.5786436,304.5295815,8.742672629,n
133.1875,225.0714286,103.2857143,594.7142857,27.54115659,n
113.5956113,274.35,132.4,694.65,21.49947674,n
114.9902344,213.78125,91.40625,587.6875,31.78344695,n
119.8717712,251.4411765,118.6764706,884.6617647,19.1729968,n
114.7840909,291.6363636,165.6363636,648.7272727,21.98684806,n
132.5554705,204.6463415,85.63414634,442.695122,35.47510669,n
136.40625,202.0,89.0,549.0,42.24192426,n
132.6723077,331.2195122,234.8780488,446.0487805,15.1463611,n
138.0681004,209.6226415,89.96226415,588.4339623,23.34222313,n
126.9903148,225.2307692,103.6153846,668.9615385,13.9063329,n
126.120487,418.3557047,348.6845638,671.7583893,36.88893191,n
139.1607143,221.5714286,107.5,510.0714286,20.4281968,n
96.1375,210.8,95.0,493.2,34.06699282,n
135.3375,194.6,85.8,487.6,30.94333531,n
127.2625,211.4,87.8,487.3,28.30565315,n
97.84821429,248.0,123.0,668.0,12.67650889,n
124.9685039,269.75,137.25,544.0,17.4480255,n
133.6512059,194.8382353,85.89705882,327.1176471,19.47916108,n
120.1156812,307.877551,207.8979592,502.6326531,22.65789616,n
139.5364583,212.25,92.83333333,392.0,29.30964953,n
114.8044872,233.5128205,116.6923077,462.2307692,30.51958555,n
132.4705882,204.619469,91.33628319,445.0,34.39362514,n
146.83125,241.8,113.4,675.3,39.78944584,n
136.7741935,190.6170213,81.37588652,329.4255319,21.69462625,n
132.1583333,217.4666667,93.86666667,584.8666667,17.9401474,n
111.0244565,238.9130435,108.6956522,777.6956522,21.19314366,n
130.6371022,202.5376344,91.45698925,418.2258065,30.38061251,n
139.5996785,223.8974359,101.9102564,435.9102564,27.30200976,n
127.5409731,197.4795918,85.91836735,512.3265306,35.07802483,n
132.1870287,216.5952381,107.3333333,254.2380952,22.7858138,n
120.8037383,188.037037,87.22222222,367.0740741,17.9152861,n
126.705186,275.8928571,161.1785714,455.2142857,15.35306217,n
120.0465753,223.1086957,107.3043478,659.326087,20.21510038,n
136.7662116,224.8918919,97.75675676,513.0810811,25.19394457,n
125.7881166,194.125,89.44642857,380.9821429,16.95837303,n
147.1262136,239.8461538,104.8846154,804.4230769,24.183715,n
130.1090573,239.6176471,112.0882353,818.0588235,14.19915198,n
121.1454796,231.4817518,113.9124088,460.3649635,26.10653918,n
124.6613071,221.5619835,101.7272727,517.3471074,27.33198671,n
135.6306818,201.0909091,79.54545455,464.8181818,28.8673226,n
123.8731466,226.3881579,107.5263158,532.8355263,28.75919701,n
117.1355353,186.9272727,82.58181818,337.0,31.54902259,n
109.3016304,216.9565217,98.95652174,600.0869565,16.56139406,n
132.5223238,257.8974359,161.3162393,439.4957265,17.18192779,n
117.5587906,203.6071429,87.39285714,429.0357143,24.80890614,n
134.1420233,210.0,95.35384615,460.1692308,16.31400458,n
122.2552083,190.1666667,86.58333333,456.0,24.82760001,n
129.1566558,354.6493506,283.9220779,650.1688312,31.94832119,n
129.8429952,228.0769231,107.3846154,551.3461538,38.5277315,n
122.5668605,206.372093,89.86046512,494.9767442,26.23863941,n
120.3182482,246.0,134.2790698,467.1627907,22.05794032,n
160.8945313,609.375,483.5,694.9375,27.83405064,n
110.5302419,230.2580645,116.7419355,583.7096774,20.15646394,n
132.9513591,182.6561086,77.28959276,250.841629,15.07256188,n
118.1241935,236.2051282,101.9230769,654.0,23.50491996,n
137.6017897,212.4642857,97.39285714,515.5,30.31114162,n
141.3541667,230.6666667,111.6666667,852.3333333,18.1146043,n
129.5603933,198.0888889,81.84444444,367.5555556,37.56512699,n
128.5909827,275.3663004,193.7912088,359.7326007,19.04443972,n
124.9905523,195.2093023,84.05813953,399.8488372,31.95470911,n
101.275,273.0,124.0,924.2,22.67509647,n
150.3806818,278.8181818,172.1818182,339.1818182,19.74088345,n
135.6509009,356.0,233.2142857,435.9642857,21.2224311,n
131.5198903,242.4347826,113.7608696,682.173913,26.11560926,n
120.5,195.125,84.1875,558.75,39.47145923,n
129.2307417,214.3257143,100.0571429,595.5428571,32.93000319,n
124.675,202.0,88.0,591.0,40.62708456,n
142.1761134,215.483871,96.69354839,496.6774194,28.10316212,n
119.3193175,208.1456311,90.23300971,476.7961165,32.7985163,n
126.468599,205.9230769,90.0,358.6153846,26.84758647,n
133.4654882,212.0933333,97.57333333,415.0666667,28.96751897,n
135.8239376,192.2328767,115.0958904,332.4246575,12.80569164,w
135.0708783,247.5365854,133.7073171,208.7804878,19.88997099,n
100.3229167,185.6666667,77.0,527.0,19.9951383,n
113.1,248.6,110.2,669.6,19.66316353,n
129.8191721,229.4482759,104.3448276,691.8965517,21.74224751,n
129.6706161,219.1132075,101.0754717,507.3207547,53.19050309,n
104.20625,202.9,93.4,611.4,18.42715388,n
133.8514286,236.4090909,107.6818182,796.2272727,28.97163047,n
147.8385827,216.75,92.3125,562.875,19.99960937,n
138.4672619,211.5238095,91.76190476,539.6666667,31.21885296,n
128.7975952,188.3809524,78.80952381,405.1587302,13.80587436,n
121.022022,297.2539683,192.4285714,414.6984127,9.437972973,n
118.8636364,242.7878788,121.3939394,552.4545455,28.21171435,n
144.5666667,256.0,120.9411765,634.8823529,31.96332241,n
134.4619883,211.877451,101.627451,436.7303922,33.91547888,n
122.1350806,237.1290323,110.8709677,683.483871,31.28902558,n
109.487069,246.2758621,122.3448276,824.1724138,21.57893455,n
137.2898551,195.8846154,87.80769231,409.9230769,18.18706218,n
114.7030651,228.9090909,102.7878788,579.4848485,19.23371313,n
162.1,221.0,99.0,612.0,11.75755077,n
127.6951934,224.0841122,103.2616822,720.7383178,35.56174609,n
119.4574037,180.7419355,93.14516129,227.7741935,12.29325382,w
139.2265625,439.4166667,279.5833333,426.5833333,80.49581597,n
112.8503937,290.125,145.4375,807.5,16.97136835,n
124.7498949,277.5133333,157.3066667,550.9733333,36.42325265,n
113.4125,243.0666667,110.3333333,808.2666667,19.07412442,n
126.6753247,230.7241379,104.4655172,720.0862069,18.33316488,n
148.8169014,228.1111111,105.2222222,632.2222222,25.69478979,n
104.2651515,231.28,106.64,718.28,24.7918051,n
123.4466859,846.8742857,653.8457143,714.4685714,30.95878814,n
116.6361607,224.8588235,107.8823529,761.6352941,20.45792712,n
119.725844,205.6851852,92.38888889,421.4166667,28.54101295,n
132.0175879,214.96,94.6,573.6,23.59274465,n
137.5034483,201.826087,88.73913043,481.3913043,17.15711892,n
128.9338555,363.2275862,252.5034483,338.9931034,33.83693568,n
151.5315789,200.0833333,89.16666667,612.75,32.10518736,n
116.3269639,238.9491525,121.0338983,545.2881356,26.86209154,n
144.7767857,186.952381,88.57142857,303.0952381,13.39374071,n
135.4315476,197.0,112.6904762,532.952381,17.60419258,w
141.4015748,230.75,115.875,517.375,25.1432614,n
103.5972222,260.4444444,117.8888889,887.2222222,13.8198283,n
128.7284031,198.1875,85.41666667,329.7916667,23.2583407,n
106.5078125,221.0,96.0,689.5,25.05868113,n
137.6255605,195.9047619,86.72619048,473.0119048,26.27336181,n
127.155898,207.0943396,104.6320755,339.509434,23.44036463,n
136.3043478,236.3478261,110.3478261,605.826087,36.13720964,n
125.4166667,233.7777778,104.6666667,682.1111111,24.07396011,n
155.0277778,226.4444444,102.5555556,562.0,17.75136927,n
106.3907104,259.1304348,119.7826087,842.5217391,17.2840169,n
124.7732176,249.1087866,117.2803347,647.6548117,30.45033835,n
139.6125,211.4,91.3,527.5,26.67676892,n
120.1344196,217.5967742,98.12903226,503.1935484,21.83182933,n
133.1189427,247.6046512,127.6744186,557.5813953,16.90302567,n
111.609375,237.5,121.0,757.5,23.39571275,n
147.454023,202.6363636,96.40909091,549.7727273,19.93030211,n
127.8075511,254.397541,118.3852459,718.0860656,7.973375138,n
117.1058201,244.0833333,131.8333333,394.6666667,18.94069692,n
132.8408759,221.4186047,97.09302326,617.0,28.60958551,n
133.1493506,186.4137931,77.51724138,281.6896552,28.96145292,n
142.867713,228.6785714,104.3928571,674.9642857,32.39953073,n
136.4333333,203.4705882,83.47058824,433.4705882,20.0183307,n
121.6978723,245.8151261,136.4621849,422.697479,14.48412391,n
110.1335079,209.2916667,103.4583333,473.2083333,19.77213949,n
129.45,221.0882353,100.1470588,403.4117647,22.20798588,n
132.8014706,203.0,85.76923077,451.7307692,10.24817779,n
136.0765027,296.7826087,188.7826087,438.6956522,11.88206063,n
124.7818182,223.7884615,95.01923077,657.6538462,20.95277693,n
99.45833333,245.2222222,117.7777778,788.3333333,6.707283677,n
127.1672316,270.5357143,171.7321429,300.0178571,11.41578526,n
114.5097087,241.2307692,130.3846154,517.9230769,31.78198664,n
139.6409524,201.2424242,91.95454545,391.6818182,23.77558069,n
126.4321845,206.4229075,128.5991189,403.061674,23.36858873,w
122.048,223.375,99.75,707.125,8.569568251,n
118.4704684,228.9354839,102.2903226,657.0322581,29.56113262,n
136.3721805,217.8235294,98.17647059,437.3529412,23.10095191,n
120.9382353,251.0465116,120.9069767,859.4186047,22.89652695,n
138.9683794,259.0,130.25,476.0,14.10008865,n
137.0923077,205.8867925,90.79245283,562.2264151,24.13090265,n
122.172394,251.4545455,119.1090909,663.6727273,23.47160232,n
160.4479167,260.0,136.0,607.0,14.7158267,n
112.6738382,206.3424658,88.76712329,567.3835616,27.81707127,n
132.5321637,219.1627907,101.6976744,682.5116279,24.20772731,n
115.8768116,209.0285714,100.1428571,605.7428571,25.98391967,n
126.6111111,219.4074074,98.88888889,503.5925926,17.94581083,n
109.1867089,251.0,114.05,880.0,20.37762253,n
122.125,205.3207547,91.05660377,399.245283,17.43396226,n
132.3865546,203.7333333,95.8,531.8666667,53.596849,n
137.4358006,212.746988,94.81927711,523.060241,28.89328451,n
127.8972458,216.7833333,102.3166667,360.6166667,28.18451111,n
110.8225806,195.4193548,85.35483871,418.483871,30.50050749,n
116.8346008,227.4242424,104.5151515,736.3484848,21.86218206,n
133.4444444,230.6315789,115.9802632,591.6381579,18.65696563,n
117.9481216,209.8,88.02857143,391.5142857,15.98943529,n
152.6527778,231.2222222,111.0,778.8888889,22.19832048,n
123.9638158,190.9473684,88.89473684,416.3684211,35.83920693,n
109.6439024,230.9615385,112.8076923,635.1153846,15.47688676,n
131.2390263,216.3081761,103.8679245,224.8113208,20.76633942,n
112.673913,196.6521739,89.82608696,399.3913043,22.25101684,n
117.5249781,233.9166667,112.9444444,707.9861111,21.19496777,n
130.8076923,217.5357143,101.75,502.6785714,20.01338838,n
121.5037037,198.8823529,85.88235294,509.5882353,17.79798208,n
140.5243056,224.8333333,97.66666667,624.1111111,28.37790612,n
138.595057,247.6060606,112.5151515,730.8181818,29.93936327,n
123.7209814,241.8216912,114.4889706,693.4852941,19.79032575,n
126.5888939,362.3,273.5714286,610.9071429,37.73429867,n
136.1611842,210.5263158,93.26315789,531.2105263,18.21463294,n
97.31640625,258.3125,117.8125,856.5,17.56016444,n
139.7401575,217.625,103.5,640.0,33.56127791,n
115.7025,202.12,95.0,436.28,51.29138719,n
115.9385307,225.047619,100.7619048,716.9761905,27.75814726,n
131.7048561,243.8363636,112.5727273,682.15,9.257067883,n
132.8267461,200.1896552,91.12931034,365.2758621,26.97831846,n
115.60037,245.1911765,119.1617647,724.5441176,37.46586393,n
105.1,206.8,97.0,564.2,21.30352084,n
112.5357766,250.6111111,114.8055556,617.3055556,23.72923068,n
117.2975,237.32,111.52,681.16,29.82482188,n
145.35,285.7333333,185.4666667,397.0888889,26.04408418,n
117.893401,208.1081081,91.10810811,483.8918919,39.76868838,n
128.5811359,200.8709677,119.3225806,436.5564516,24.03356784,w
102.1964286,210.1428571,93.57142857,450.4285714,40.98332165,n
134.9589744,226.6734694,141.4693878,435.9591837,17.60610719,w
116.5362096,262.3170732,134.9268293,659.1707317,16.69533129,n
126.739726,203.3913043,129.9043478,390.8173913,20.6357848,w
106.265625,293.0,188.3333333,422.0,19.58368794,n
118.6460177,262.6976744,143.8139535,500.6976744,21.93650802,n
183.28125,209.0,93.0,588.0,14.5,n
133.1561618,211.7313433,96.62686567,609.8208955,23.81760348,n
140.5217391,204.8076923,90.69230769,593.5384615,20.18816807,n
136.09,221.3157895,98.47368421,507.0526316,13.46134303,n
132.8819444,253.9444444,119.3333333,807.5,23.2336495,n
120.8720812,226.3870968,101.7096774,746.8064516,16.68272206,n
110.5631579,235.5,101.3333333,774.3333333,16.69747153,n
112.700627,214.025,91.45,603.05,29.39217583,n
112.6610879,212.4,94.6,773.6,24.33890347,n
136.4583333,214.0,104.0,436.0,11.6714276,n
134.3049451,181.6521739,78.73913043,408.2173913,12.06472776,n
133.8541667,166.4074074,78.74074074,254.3703704,14.17507618,w
110.664557,197.5,86.5,459.0,15.9940614,n
123.3658192,267.1333333,163.8,466.2,17.06521985,n
121.5034054,288.995283,177.240566,480.7028302,24.9907579,n
129.7586207,239.6111111,119.8666667,522.5111111,44.79227226,n
134.195,278.32,183.92,336.52,25.00579133,n
117.8080569,238.2264151,101.2641509,643.8867925,29.55257909,n
136.4228972,188.4814815,87.0,527.037037,9.891316112,n
104.9310345,239.0909091,116.1818182,731.6363636,17.5607564,n
122.921371,191.4193548,84.93548387,315.1612903,21.50420427,n
102.3833333,230.6,107.1333333,490.9333333,24.16186159,n
135.1405714,243.8636364,125.4818182,432.1909091,25.19013483,n
110.207824,215.6153846,99.23076923,562.7307692,24.65300611,n
138.0415512,196.2173913,77.2173913,344.7826087,10.83594801,n
144.0314465,196.5,88.55,455.8,16.88460838,n
125.6265296,240.8682171,117.0852713,511.0077519,19.8476379,n
107.277193,241.7777778,114.3888889,673.1111111,15.11488923,n
141.2307692,242.0,107.3076923,739.8461538,26.01183163,n
125.7401915,220.4384236,114.4630542,415.8374384,33.05827025,n
114.5919674,268.1944444,121.3611111,886.2037037,14.22167968,n
135.527907,200.5555556,90.96296296,365.3333333,11.07896585,n
112.8020833,213.5833333,95.33333333,586.5,24.69592859,n
132.8676123,217.6792453,99.33962264,439.3018868,24.28358329,n
133.9270833,228.6666667,101.0,562.6666667,47.62498177,n
127.6412722,225.3647059,100.7529412,669.6352941,25.89412566,n
126.6564626,238.0540541,113.1081081,738.7837838,22.2584264,n
134.4516794,202.7840376,91.78873239,480.1455399,35.49934053,n
147.547619,187.75,88.25,561.5,8.150920193,n
142.0351759,253.88,126.12,650.36,27.80601374,n
132.2489985,188.0634146,78.39512195,367.4243902,20.62188761,n
133.0508475,222.2307692,98.0,660.9230769,61.79739994,n
118.3646865,221.6315789,112.6842105,617.0,34.0360022,n
87.3125,236.5,114.0,503.0,11.45371119,n
148.1704545,229.5454545,107.3636364,696.2727273,27.73844782,n
134.6661654,192.952381,80.19047619,396.5595238,24.3667503,n
156.2911392,215.5,97.9,619.6,12.83588719,n
137.904376,244.8205128,128.7692308,446.1538462,16.9401235,n
132.1238592,465.34375,295.3333333,499.25,38.76296686,n
99.1875,250.5,135.0,527.0,17.75215167,n
131.4528891,232.1818182,137.7107438,365.6033058,16.73643707,n
119.7327366,231.9387755,102.5306122,688.1428571,30.83266225,n
109.8951049,201.8888889,96.94444444,486.1666667,14.477846,n
128.2583333,215.2666667,92.6,395.3333333,34.00980251,n
132.4395161,210.3548387,95.12903226,637.2580645,29.67019547,n
127.4916667,222.0666667,101.7333333,604.6666667,19.43353345,n
116.9752809,225.7857143,103.1428571,632.0,34.65684548,n
142.3070175,206.6551724,102.1724138,524.8965517,23.63893079,n
140.9057143,253.4090909,143.8181818,414.6363636,44.23173387,n
105.421875,250.5,122.25,706.0,13.86486116,n
108.5733696,219.0,98.7826087,596.2608696,16.13787476,n
142.5657895,183.4166667,89.76388889,240.2638889,11.2986602,w
112.226601,217.0196078,99.78431373,587.6666667,28.44222916,n
122.5929566,201.9220779,89.14285714,392.3376623,24.16320234,n
130.1713232,178.3738602,76.18237082,189.5136778,10.48726484,n
116.2916667,222.0,89.0,509.0,25.74662869,n
116.779661,212.6666667,99.26666667,335.8666667,23.06570326,n
125.0636008,228.6875,113.40625,451.5625,25.1500963,n
134.0295008,198.1927711,98.78313253,430.0,40.84520023,n
125.4125,251.5,132.95,506.2,22.03656053,n
125.845912,212.1,98.525,661.65,33.69120805,n
136.175,236.4,99.0,561.0,38.53517873,n
119.2767857,222.8571429,100.0,637.0,32.55952163,n
132.63827,198.4166667,84.41666667,391.5,18.22772613,n
129.8720721,209.5571429,96.74285714,425.8857143,27.75770163,n
135.7068063,208.0,83.0,392.0,34.64783142,n
120.0991379,211.9655172,91.82758621,557.9655172,21.47824716,n
132.1166667,450.6,306.8,374.0,82.21878672,n
113.6730769,205.3076923,95.69230769,550.0769231,22.10277232,n
145.0842105,197.6111111,85.16666667,351.6111111,20.97154156,n
138.2647059,204.6470588,96.17647059,503.4117647,23.21197639,n
132.8737864,198.9230769,96.15384615,549.5384615,26.32388166,n
134.2448113,230.4736842,108.6691729,470.8496241,23.32460015,n
112.725,224.7,107.6,433.9,27.52834902,n
125.8964143,209.75,90.25,477.25,33.8062032,n
125.4818267,198.2518519,86.27407407,488.9925926,25.24718512,n
113.6666667,207.5555556,88.16666667,479.2777778,43.43851196,n
95.75625,193.4,83.5,417.5,13.87804021,n
123.3075581,269.8256881,148.5137615,385.5963303,15.62877898,n
124.2998379,202.3846154,98.20512821,331.1794872,14.1949422,n
122.132716,263.5901639,142.5081967,585.7868852,26.53739382,n
123.0676329,233.8846154,111.3461538,789.6538462,23.73908968,n
134.4549839,192.1538462,83.23076923,435.025641,19.79991964,n
141.3839398,257.44,144.64,343.36,39.74624007,n
130.3346008,222.6363636,104.3333333,426.0909091,12.5334447,n
139.2248428,195.125,86.725,395.7,16.6576559,n
123.7404844,221.7252747,99.31868132,565.5164835,26.086653,n
113.6458333,213.0,99.0,414.0,36.03432006,n
135.5678015,236.2110092,114.3119266,608.1743119,28.38921117,n
129.2080096,188.6886792,110.6509434,327.7169811,19.00539542,w
127.2915531,216.5217391,96.97826087,473.2826087,30.10612138,n
129.4251825,184.7211538,81.22115385,373.3076923,19.06151479,n
115.9719388,227.5306122,101.5102041,674.5102041,24.57729268,n
130.197644,231.1041667,101.2708333,639.6666667,51.03640704,n
133.8713592,211.1923077,94.46153846,555.1153846,24.89602639,n
114.75,232.9166667,125.8333333,351.9166667,22.88543326,n
126.45,209.7368421,96.31578947,583.1052632,10.19966867,n
129.9818402,235.9038462,111.0384615,787.1538462,20.78845264,n
137.5167549,224.943662,105.8028169,562.0,31.09313077,n
76.515625,326.0,228.0,357.5,17.0788612,n
136.720339,195.8269231,89.13461538,416.0192308,19.97365128,n
132.4273472,236.5857988,113.6952663,570.1804734,30.11061967,n
125.2264666,237.1847826,131.1086957,463.0869565,16.79455463,n
127.7011086,340.2505593,212.7561521,274.5615213,12.50329907,n
135.6111111,209.24,93.3,553.6,28.45114409,n
139.7043011,247.6382979,119.6170213,623.1914894,20.95957436,n
125.6875,232.6363636,104.5454545,700.7272727,15.13138056,n
122.9911126,250.4816754,134.0680628,468.4136126,35.31004405,n
135.0969773,215.22,99.12,343.94,15.51681668,n
120.7069767,227.9074074,107.287037,656.25,28.35536997,n
132.2022839,199.8701299,83.0,472.3376623,30.97568946,n
108.7379518,235.2857143,121.2857143,434.047619,17.63821351,n
128.273727,248.6271451,113.9079563,691.0639626,9.934654501,n
130.2432432,203.1666667,88.38888889,522.6805556,28.07600671,n
115.9106667,211.8723404,95.36170213,605.0851064,21.61436154,n
125.1637931,266.0344828,159.8275862,266.8965517,29.10573614,n
134.0306513,227.5454545,100.6363636,589.8181818,26.25162551,n
124.7524171,201.4615385,89.87362637,494.3956044,24.10281245,n
129.4586667,215.8085106,97.46808511,589.8297872,24.58957811,n
127.3540594,366.8553459,280.6603774,546.7735849,24.4765217,n
119.3715953,246.0206186,120.2371134,708.9587629,24.50821861,n
123.3122924,257.8421053,154.2368421,261.7105263,22.17259482,n
136.4435484,170.9583333,80.125,176.7916667,8.100818717,n
134.6040609,206.6,97.76,332.56,15.45802057,n
124.59375,210.0,94.0,562.5,56.79690915,n
120.1556196,221.2272727,104.5454545,741.2272727,16.64536518,n
113.203125,251.40625,114.21875,677.5,31.66616639,n
134.2379944,275.5955056,183.4831461,465.6292135,27.282028,n
106.9444444,318.8235294,216.3529412,421.7647059,13.21711169,n
132.292887,228.1333333,109.5333333,693.7333333,32.82451658,n
119.2863683,242.0404858,117.9149798,575.7692308,26.81530651,n
125.6008969,218.1428571,98.92857143,672.3571429,27.82791507,n
119.9166667,230.5,102.0,774.8571429,17.64878443,n
125.6269221,231.712,113.824,602.104,23.80528513,n
136.4134615,216.7692308,101.8461538,628.0769231,37.17637476,n
124.1361868,256.2040816,134.3469388,559.8163265,20.23656428,n
108.9928571,232.6666667,109.2222222,763.1111111,16.18383968,n
135.5141537,193.7,83.9,323.2727273,10.84595366,n
106.0085714,201.0,85.81818182,579.0,18.87743198,n
140.36,219.3636364,99.45454545,615.9545455,33.72506731,n
109.7250804,209.8461538,95.43589744,395.8461538,24.77570654,n
118.9705882,244.0,113.6530612,858.2244898,29.1652575,n
155.1132813,199.875,87.75,479.9375,14.33513494,n
129.3436033,229.1658986,102.1336406,660.797235,10.3161826,n
131.4975,270.24,125.72,757.28,20.52097464,n
135.0650496,220.2807018,103.6491228,549.7017544,48.17299159,n
123.5140998,229.7241379,118.3103448,621.7931034,18.01802506,n
123.4832636,245.3666667,144.9666667,433.6333333,16.83528042,n
124.71875,240.0,129.0,330.0,19.45989466,n
129.1867572,224.0405405,101.8243243,591.9594595,16.80109652,n
131.5739437,189.6666667,90.33333333,510.8888889,18.723541,n
118.902439,377.0,300.4166667,775.4444444,57.80466121,n
122.7331787,231.4161074,111.7516779,615.1644295,31.45153003,n
112.3272059,224.1764706,102.4705882,426.2352941,24.48995275,n
147.6772152,228.7,105.8,605.3,17.52284224,n
140.4318182,227.6363636,112.2727273,593.8181818,38.30974241,n
134.5359195,200.75,90.77272727,424.3409091,18.70414503,n
119.8308181,246.8734177,115.2025316,655.3291139,35.32659443,n
122.82287,237.8571429,111.8928571,615.7142857,17.33993856,n
116.6321429,243.2571429,111.0571429,705.1714286,23.63021241,n
129.4639556,204.75,90.86764706,455.3970588,41.65476416,n
130.4925373,187.5882353,77.29411765,455.5294118,24.7506597,n
130.1641577,190.6022727,82.90909091,347.2840909,15.5682938,n
128.131068,232.5384615,111.2307692,341.9230769,24.66893214,n
119.7150237,216.7959184,99.93877551,452.1768707,29.02023754,n
143.0776699,424.9230769,330.9230769,460.7692308,34.41480348,n
126.9055118,240.3125,111.125,706.8125,27.89202115,n
101.84375,222.5,103.1666667,405.0,22.16165357,n
138.5278592,196.4418605,85.06976744,371.5116279,16.50219187,n
144.0471822,256.2083333,120.1875,835.0208333,18.72145976,n
119.4783465,269.375,122.1875,851.71875,14.41014725,n
126.7628834,447.3268293,370.004878,550.5902439,49.09101988,n
117.650655,236.4861111,155.4583333,541.5416667,18.51182055,w
105.7330317,234.1428571,102.7142857,659.1428571,16.59865374,n
136.382263,233.8780488,116.195122,417.3170732,35.39226936,n
116.5125,212.8,99.6,413.0,19.41462078,n
119.9917197,199.0909091,84.8989899,391.1111111,25.02204721,n
135.2687627,204.6129032,88.5,208.9032258,16.70024799,n
134.312,202.4363636,91.76363636,467.0363636,40.69441044,n
103.6640625,229.5,112.75,797.5,15.96871942,n
153.5848214,260.1428571,151.5714286,486.5714286,19.02857679,n
125.8869048,211.7142857,91.76190476,523.6190476,36.72796361,n
114.25,336.8,228.0,443.4666667,12.63838949,n
130.2807018,223.4836066,115.647541,371.3934426,30.15594156,n
111.3105263,403.75,302.5416667,447.3333333,15.72595166,n
138.2986217,256.4878049,123.3902439,805.902439,18.94464211,n
122.4626506,340.8076923,251.5384615,448.8076923,17.14245914,n
132.8197651,253.1987179,139.9230769,454.9871795,14.90186367,n
129.9861551,251.202454,118.6196319,704.5766871,6.753996618,n
112.609475,227.4693878,97.34693878,616.8979592,24.71137852,n
115.0240385,226.4230769,101.3846154,709.6153846,27.13509922,n
130.7521781,247.5692308,114.8615385,768.3230769,10.32290496,n
137.4581749,235.4242424,107.3030303,775.4242424,34.95808851,n
111.6257862,228.9,113.4,743.9,18.80498604,n
130.2608696,239.5652174,116.9565217,531.6956522,19.74717323,n
127.4378194,256.5675676,129.3783784,633.3513514,15.99771715,n
143.271875,214.75,90.5,585.9,25.71769819,n
119.8274648,257.0,120.7222222,865.2777778,21.59532414,n
140.9230769,216.2,100.4,534.8,15.10761397,n
130.8841463,214.1474359,103.0064103,163.4038462,15.86081908,n
137.2752613,248.5555556,140.0,366.8333333,19.43436247,n
134.4102564,240.2222222,123.3333333,431.7037037,17.02439144,n
106.6822034,236.9333333,121.2,491.6,21.31499212,n
133.1825,204.6,96.84,481.28,40.27358439,n
119.5065217,224.2413793,131.5862069,592.2413793,27.41082179,w
130.7132472,238.2405063,109.4177215,690.7088608,8.728708616,n
113.8517007,216.0217391,93.26086957,554.826087,33.90325946,n
113.1822917,222.4166667,112.25,565.25,37.9403772,n
122.2306362,243.1358696,114.1902174,656.6956522,14.01550987,n
132.9669118,261.6470588,105.8235294,870.7058824,18.61372043,n
122.5139057,181.75,77.92307692,266.5192308,15.91233147,n
136.0364668,230.8846154,112.0512821,544.525641,23.57697536,n
133.4235915,206.8938547,103.1675978,295.1005587,27.73327845,n
146.3972125,207.3333333,90.5,537.1111111,19.91928156,n
120.0560472,237.3488372,118.9302326,613.0232558,22.67159195,n
120.8056537,249.9444444,123.7777778,494.0,21.49282108,n
131.5564342,199.68,90.08,346.4914286,27.63303908,n
117.4018325,217.1666667,99.14583333,538.75,25.16276874,n
118.9104564,236.8990826,108.9724771,764.4311927,27.03422689,n
